id,diamond_pearl,platinum,heartgold_soulsilver,relationship,note
"0","ITEM_NONE","ITEM_NONE","ITEM_NONE","common",""
"1","ITEM_MASTER_BALL","ITEM_MASTER_BALL","ITEM_MASTER_BALL","common",""
"2","ITEM_ULTRA_BALL","ITEM_ULTRA_BALL","ITEM_ULTRA_BALL","common",""
"3","ITEM_GREAT_BALL","ITEM_GREAT_BALL","ITEM_GREAT_BALL","common",""
"4","ITEM_POKE_BALL","ITEM_POKE_BALL","ITEM_POKE_BALL","common",""
"5","ITEM_SAFARI_BALL","ITEM_SAFARI_BALL","ITEM_SAFARI_BALL","common",""
"6","ITEM_NET_BALL","ITEM_NET_BALL","ITEM_NET_BALL","common",""
"7","ITEM_DIVE_BALL","ITEM_DIVE_BALL","ITEM_DIVE_BALL","common",""
"8","ITEM_NEST_BALL","ITEM_NEST_BALL","ITEM_NEST_BALL","common",""
"9","ITEM_REPEAT_BALL","ITEM_REPEAT_BALL","ITEM_REPEAT_BALL","common",""
"10","ITEM_TIMER_BALL","ITEM_TIMER_BALL","ITEM_TIMER_BALL","common",""
"11","ITEM_LUXURY_BALL","ITEM_LUXURY_BALL","ITEM_LUXURY_BALL","common",""
"12","ITEM_PREMIER_BALL","ITEM_PREMIER_BALL","ITEM_PREMIER_BALL","common",""
"13","ITEM_DUSK_BALL","ITEM_DUSK_BALL","ITEM_DUSK_BALL","common",""
"14","ITEM_HEAL_BALL","ITEM_HEAL_BALL","ITEM_HEAL_BALL","common",""
"15","ITEM_QUICK_BALL","ITEM_QUICK_BALL","ITEM_QUICK_BALL","common",""
"16","ITEM_CHERISH_BALL","ITEM_CHERISH_BALL","ITEM_CHERISH_BALL","common",""
"17","ITEM_POTION","ITEM_POTION","ITEM_POTION","common",""
"18","ITEM_ANTIDOTE","ITEM_ANTIDOTE","ITEM_ANTIDOTE","common",""
"19","ITEM_BURN_HEAL","ITEM_BURN_HEAL","ITEM_BURN_HEAL","common",""
"20","ITEM_ICE_HEAL","ITEM_ICE_HEAL","ITEM_ICE_HEAL","common",""
"21","ITEM_AWAKENING","ITEM_AWAKENING","ITEM_AWAKENING","common",""
"22","ITEM_PARLYZ_HEAL","ITEM_PARLYZ_HEAL","ITEM_PARLYZ_HEAL","common",""
"23","ITEM_FULL_RESTORE","ITEM_FULL_RESTORE","ITEM_FULL_RESTORE","common",""
"24","ITEM_MAX_POTION","ITEM_MAX_POTION","ITEM_MAX_POTION","common",""
"25","ITEM_HYPER_POTION","ITEM_HYPER_POTION","ITEM_HYPER_POTION","common",""
"26","ITEM_SUPER_POTION","ITEM_SUPER_POTION","ITEM_SUPER_POTION","common",""
"27","ITEM_FULL_HEAL","ITEM_FULL_HEAL","ITEM_FULL_HEAL","common",""
"28","ITEM_REVIVE","ITEM_REVIVE","ITEM_REVIVE","common",""
"29","ITEM_MAX_REVIVE","ITEM_MAX_REVIVE","ITEM_MAX_REVIVE","common",""
"30","ITEM_FRESH_WATER","ITEM_FRESH_WATER","ITEM_FRESH_WATER","common",""
"31","ITEM_SODA_POP","ITEM_SODA_POP","ITEM_SODA_POP","common",""
"32","ITEM_LEMONADE","ITEM_LEMONADE","ITEM_LEMONADE","common",""
"33","ITEM_MOOMOO_MILK","ITEM_MOOMOO_MILK","ITEM_MOOMOO_MILK","common",""
"34","ITEM_ENERGYPOWDER","ITEM_ENERGYPOWDER","ITEM_ENERGYPOWDER","common",""
"35","ITEM_ENERGY_ROOT","ITEM_ENERGY_ROOT","ITEM_ENERGY_ROOT","common",""
"36","ITEM_HEAL_POWDER","ITEM_HEAL_POWDER","ITEM_HEAL_POWDER","common",""
"37","ITEM_REVIVAL_HERB","ITEM_REVIVAL_HERB","ITEM_REVIVAL_HERB","common",""
"38","ITEM_ETHER","ITEM_ETHER","ITEM_ETHER","common",""
"39","ITEM_MAX_ETHER","ITEM_MAX_ETHER","ITEM_MAX_ETHER","common",""
"40","ITEM_ELIXIR","ITEM_ELIXIR","ITEM_ELIXIR","common",""
"41","ITEM_MAX_ELIXIR","ITEM_MAX_ELIXIR","ITEM_MAX_ELIXIR","common",""
"42","ITEM_LAVA_COOKIE","ITEM_LAVA_COOKIE","ITEM_LAVA_COOKIE","common",""
"43","ITEM_BERRY_JUICE","ITEM_BERRY_JUICE","ITEM_BERRY_JUICE","common",""
"44","ITEM_SACRED_ASH","ITEM_SACRED_ASH","ITEM_SACRED_ASH","common",""
"45","ITEM_HP_UP","ITEM_HP_UP","ITEM_HP_UP","common",""
"46","ITEM_PROTEIN","ITEM_PROTEIN","ITEM_PROTEIN","common",""
"47","ITEM_IRON","ITEM_IRON","ITEM_IRON","common",""
"48","ITEM_CARBOS","ITEM_CARBOS","ITEM_CARBOS","common",""
"49","ITEM_CALCIUM","ITEM_CALCIUM","ITEM_CALCIUM","common",""
"50","ITEM_RARE_CANDY","ITEM_RARE_CANDY","ITEM_RARE_CANDY","common",""
"51","ITEM_PP_UP","ITEM_PP_UP","ITEM_PP_UP","common",""
"52","ITEM_ZINC","ITEM_ZINC","ITEM_ZINC","common",""
"53","ITEM_PP_MAX","ITEM_PP_MAX","ITEM_PP_MAX","common",""
"54","ITEM_OLD_GATEAU","ITEM_OLD_GATEAU","ITEM_OLD_GATEAU","common",""
"55","ITEM_GUARD_SPEC_","ITEM_GUARD_SPEC","ITEM_GUARD_SPEC_","common","symbol spelling differs only"
"56","ITEM_DIRE_HIT","ITEM_DIRE_HIT","ITEM_DIRE_HIT","common",""
"57","ITEM_X_ATTACK","ITEM_X_ATTACK","ITEM_X_ATTACK","common",""
"58","ITEM_X_DEFENSE","ITEM_X_DEFENSE","ITEM_X_DEFENSE","common",""
"59","ITEM_X_SPEED","ITEM_X_SPEED","ITEM_X_SPEED","common",""
"60","ITEM_X_ACCURACY","ITEM_X_ACCURACY","ITEM_X_ACCURACY","common",""
"61","ITEM_X_SPECIAL","ITEM_X_SPECIAL","ITEM_X_SPECIAL","common",""
"62","ITEM_X_SP__DEF","ITEM_X_SP_DEF","ITEM_X_SP__DEF","common","symbol spelling differs only"
"63","ITEM_POKE_DOLL","ITEM_POKE_DOLL","ITEM_POKE_DOLL","common",""
"64","ITEM_FLUFFY_TAIL","ITEM_FLUFFY_TAIL","ITEM_FLUFFY_TAIL","common",""
"65","ITEM_BLUE_FLUTE","ITEM_BLUE_FLUTE","ITEM_BLUE_FLUTE","common",""
"66","ITEM_YELLOW_FLUTE","ITEM_YELLOW_FLUTE","ITEM_YELLOW_FLUTE","common",""
"67","ITEM_RED_FLUTE","ITEM_RED_FLUTE","ITEM_RED_FLUTE","common",""
"68","ITEM_BLACK_FLUTE","ITEM_BLACK_FLUTE","ITEM_BLACK_FLUTE","common",""
"69","ITEM_WHITE_FLUTE","ITEM_WHITE_FLUTE","ITEM_WHITE_FLUTE","common",""
"70","ITEM_SHOAL_SALT","ITEM_SHOAL_SALT","ITEM_SHOAL_SALT","common",""
"71","ITEM_SHOAL_SHELL","ITEM_SHOAL_SHELL","ITEM_SHOAL_SHELL","common",""
"72","ITEM_RED_SHARD","ITEM_RED_SHARD","ITEM_RED_SHARD","common",""
"73","ITEM_BLUE_SHARD","ITEM_BLUE_SHARD","ITEM_BLUE_SHARD","common",""
"74","ITEM_YELLOW_SHARD","ITEM_YELLOW_SHARD","ITEM_YELLOW_SHARD","common",""
"75","ITEM_GREEN_SHARD","ITEM_GREEN_SHARD","ITEM_GREEN_SHARD","common",""
"76","ITEM_SUPER_REPEL","ITEM_SUPER_REPEL","ITEM_SUPER_REPEL","common",""
"77","ITEM_MAX_REPEL","ITEM_MAX_REPEL","ITEM_MAX_REPEL","common",""
"78","ITEM_ESCAPE_ROPE","ITEM_ESCAPE_ROPE","ITEM_ESCAPE_ROPE","common",""
"79","ITEM_REPEL","ITEM_REPEL","ITEM_REPEL","common",""
"80","ITEM_SUN_STONE","ITEM_SUN_STONE","ITEM_SUN_STONE","common",""
"81","ITEM_MOON_STONE","ITEM_MOON_STONE","ITEM_MOON_STONE","common",""
"82","ITEM_FIRE_STONE","ITEM_FIRE_STONE","ITEM_FIRE_STONE","common",""
"83","ITEM_THUNDERSTONE","ITEM_THUNDERSTONE","ITEM_THUNDERSTONE","common",""
"84","ITEM_WATER_STONE","ITEM_WATER_STONE","ITEM_WATER_STONE","common",""
"85","ITEM_LEAF_STONE","ITEM_LEAF_STONE","ITEM_LEAF_STONE","common",""
"86","ITEM_TINYMUSHROOM","ITEM_TINYMUSHROOM","ITEM_TINYMUSHROOM","common",""
"87","ITEM_BIG_MUSHROOM","ITEM_BIG_MUSHROOM","ITEM_BIG_MUSHROOM","common",""
"88","ITEM_PEARL","ITEM_PEARL","ITEM_PEARL","common",""
"89","ITEM_BIG_PEARL","ITEM_BIG_PEARL","ITEM_BIG_PEARL","common",""
"90","ITEM_STARDUST","ITEM_STARDUST","ITEM_STARDUST","common",""
"91","ITEM_STAR_PIECE","ITEM_STAR_PIECE","ITEM_STAR_PIECE","common",""
"92","ITEM_NUGGET","ITEM_NUGGET","ITEM_NUGGET","common",""
"93","ITEM_HEART_SCALE","ITEM_HEART_SCALE","ITEM_HEART_SCALE","common",""
"94","ITEM_HONEY","ITEM_HONEY","ITEM_HONEY","common",""
"95","ITEM_GROWTH_MULCH","ITEM_GROWTH_MULCH","ITEM_GROWTH_MULCH","common",""
"96","ITEM_DAMP_MULCH","ITEM_DAMP_MULCH","ITEM_DAMP_MULCH","common",""
"97","ITEM_STABLE_MULCH","ITEM_STABLE_MULCH","ITEM_STABLE_MULCH","common",""
"98","ITEM_GOOEY_MULCH","ITEM_GOOEY_MULCH","ITEM_GOOEY_MULCH","common",""
"99","ITEM_ROOT_FOSSIL","ITEM_ROOT_FOSSIL","ITEM_ROOT_FOSSIL","common",""
"100","ITEM_CLAW_FOSSIL","ITEM_CLAW_FOSSIL","ITEM_CLAW_FOSSIL","common",""
"101","ITEM_HELIX_FOSSIL","ITEM_HELIX_FOSSIL","ITEM_HELIX_FOSSIL","common",""
"102","ITEM_DOME_FOSSIL","ITEM_DOME_FOSSIL","ITEM_DOME_FOSSIL","common",""
"103","ITEM_OLD_AMBER","ITEM_OLD_AMBER","ITEM_OLD_AMBER","common",""
"104","ITEM_ARMOR_FOSSIL","ITEM_ARMOR_FOSSIL","ITEM_ARMOR_FOSSIL","common",""
"105","ITEM_SKULL_FOSSIL","ITEM_SKULL_FOSSIL","ITEM_SKULL_FOSSIL","common",""
"106","ITEM_RARE_BONE","ITEM_RARE_BONE","ITEM_RARE_BONE","common",""
"107","ITEM_SHINY_STONE","ITEM_SHINY_STONE","ITEM_SHINY_STONE","common",""
"108","ITEM_DUSK_STONE","ITEM_DUSK_STONE","ITEM_DUSK_STONE","common",""
"109","ITEM_DAWN_STONE","ITEM_DAWN_STONE","ITEM_DAWN_STONE","common",""
"110","ITEM_OVAL_STONE","ITEM_OVAL_STONE","ITEM_OVAL_STONE","common",""
"111","ITEM_ODD_KEYSTONE","ITEM_ODD_KEYSTONE","ITEM_ODD_KEYSTONE","common",""
"112","","ITEM_GRISEOUS_ORB","ITEM_GRISEOUS_ORB","pt_hgss","Platinum/HGSS use DP-reserved slot for Griseous Orb"
"113","","ITEM_UNUSED_113","ITEM_UNUSED_113","pt_hgss","DP has no named constant at this ID"
"114","","ITEM_UNUSED_114","ITEM_UNUSED_114","pt_hgss","DP has no named constant at this ID"
"115","","ITEM_UNUSED_115","ITEM_UNUSED_115","pt_hgss","DP has no named constant at this ID"
"116","","ITEM_UNUSED_116","ITEM_UNUSED_116","pt_hgss","DP has no named constant at this ID"
"117","","ITEM_UNUSED_117","ITEM_UNUSED_117","pt_hgss","DP has no named constant at this ID"
"118","","ITEM_UNUSED_118","ITEM_UNUSED_118","pt_hgss","DP has no named constant at this ID"
"119","","ITEM_UNUSED_119","ITEM_UNUSED_119","pt_hgss","DP has no named constant at this ID"
"120","","ITEM_UNUSED_120","ITEM_UNUSED_120","pt_hgss","DP has no named constant at this ID"
"121","","ITEM_UNUSED_121","ITEM_UNUSED_121","pt_hgss","DP has no named constant at this ID"
"122","","ITEM_UNUSED_122","ITEM_UNUSED_122","pt_hgss","DP has no named constant at this ID"
"123","","ITEM_UNUSED_123","ITEM_UNUSED_123","pt_hgss","DP has no named constant at this ID"
"124","","ITEM_UNUSED_124","ITEM_UNUSED_124","pt_hgss","DP has no named constant at this ID"
"125","","ITEM_UNUSED_125","ITEM_UNUSED_125","pt_hgss","DP has no named constant at this ID"
"126","","ITEM_UNUSED_126","ITEM_UNUSED_126","pt_hgss","DP has no named constant at this ID"
"127","","ITEM_UNUSED_127","ITEM_UNUSED_127","pt_hgss","DP has no named constant at this ID"
"128","","ITEM_UNUSED_128","ITEM_UNUSED_128","pt_hgss","DP has no named constant at this ID"
"129","","ITEM_UNUSED_129","ITEM_UNUSED_129","pt_hgss","DP has no named constant at this ID"
"130","","ITEM_UNUSED_130","ITEM_UNUSED_130","pt_hgss","DP has no named constant at this ID"
"131","","ITEM_UNUSED_131","ITEM_UNUSED_131","pt_hgss","DP has no named constant at this ID"
"132","","ITEM_UNUSED_132","ITEM_UNUSED_132","pt_hgss","DP has no named constant at this ID"
"133","","ITEM_UNUSED_133","ITEM_UNUSED_133","pt_hgss","DP has no named constant at this ID"
"134","","ITEM_UNUSED_134","ITEM_UNUSED_134","pt_hgss","DP has no named constant at this ID"
"135","ITEM_ADAMANT_ORB","ITEM_ADAMANT_ORB","ITEM_ADAMANT_ORB","common",""
"136","ITEM_LUSTROUS_ORB","ITEM_LUSTROUS_ORB","ITEM_LUSTROUS_ORB","common",""
"137","ITEM_GRASS_MAIL","ITEM_GRASS_MAIL","ITEM_GRASS_MAIL","common",""
"138","ITEM_FLAME_MAIL","ITEM_FLAME_MAIL","ITEM_FLAME_MAIL","common",""
"139","ITEM_BUBBLE_MAIL","ITEM_BUBBLE_MAIL","ITEM_BUBBLE_MAIL","common",""
"140","ITEM_BLOOM_MAIL","ITEM_BLOOM_MAIL","ITEM_BLOOM_MAIL","common",""
"141","ITEM_TUNNEL_MAIL","ITEM_TUNNEL_MAIL","ITEM_TUNNEL_MAIL","common",""
"142","ITEM_STEEL_MAIL","ITEM_STEEL_MAIL","ITEM_STEEL_MAIL","common",""
"143","ITEM_HEART_MAIL","ITEM_HEART_MAIL","ITEM_HEART_MAIL","common",""
"144","ITEM_SNOW_MAIL","ITEM_SNOW_MAIL","ITEM_SNOW_MAIL","common",""
"145","ITEM_SPACE_MAIL","ITEM_SPACE_MAIL","ITEM_SPACE_MAIL","common",""
"146","ITEM_AIR_MAIL","ITEM_AIR_MAIL","ITEM_AIR_MAIL","common",""
"147","ITEM_MOSAIC_MAIL","ITEM_MOSAIC_MAIL","ITEM_MOSAIC_MAIL","common",""
"148","ITEM_BRICK_MAIL","ITEM_BRICK_MAIL","ITEM_BRICK_MAIL","common",""
"149","ITEM_CHERI_BERRY","ITEM_CHERI_BERRY","ITEM_CHERI_BERRY","common",""
"150","ITEM_CHESTO_BERRY","ITEM_CHESTO_BERRY","ITEM_CHESTO_BERRY","common",""
"151","ITEM_PECHA_BERRY","ITEM_PECHA_BERRY","ITEM_PECHA_BERRY","common",""
"152","ITEM_RAWST_BERRY","ITEM_RAWST_BERRY","ITEM_RAWST_BERRY","common",""
"153","ITEM_ASPEAR_BERRY","ITEM_ASPEAR_BERRY","ITEM_ASPEAR_BERRY","common",""
"154","ITEM_LEPPA_BERRY","ITEM_LEPPA_BERRY","ITEM_LEPPA_BERRY","common",""
"155","ITEM_ORAN_BERRY","ITEM_ORAN_BERRY","ITEM_ORAN_BERRY","common",""
"156","ITEM_PERSIM_BERRY","ITEM_PERSIM_BERRY","ITEM_PERSIM_BERRY","common",""
"157","ITEM_LUM_BERRY","ITEM_LUM_BERRY","ITEM_LUM_BERRY","common",""
"158","ITEM_SITRUS_BERRY","ITEM_SITRUS_BERRY","ITEM_SITRUS_BERRY","common",""
"159","ITEM_FIGY_BERRY","ITEM_FIGY_BERRY","ITEM_FIGY_BERRY","common",""
"160","ITEM_WIKI_BERRY","ITEM_WIKI_BERRY","ITEM_WIKI_BERRY","common",""
"161","ITEM_MAGO_BERRY","ITEM_MAGO_BERRY","ITEM_MAGO_BERRY","common",""
"162","ITEM_AGUAV_BERRY","ITEM_AGUAV_BERRY","ITEM_AGUAV_BERRY","common",""
"163","ITEM_IAPAPA_BERRY","ITEM_IAPAPA_BERRY","ITEM_IAPAPA_BERRY","common",""
"164","ITEM_RAZZ_BERRY","ITEM_RAZZ_BERRY","ITEM_RAZZ_BERRY","common",""
"165","ITEM_BLUK_BERRY","ITEM_BLUK_BERRY","ITEM_BLUK_BERRY","common",""
"166","ITEM_NANAB_BERRY","ITEM_NANAB_BERRY","ITEM_NANAB_BERRY","common",""
"167","ITEM_WEPEAR_BERRY","ITEM_WEPEAR_BERRY","ITEM_WEPEAR_BERRY","common",""
"168","ITEM_PINAP_BERRY","ITEM_PINAP_BERRY","ITEM_PINAP_BERRY","common",""
"169","ITEM_POMEG_BERRY","ITEM_POMEG_BERRY","ITEM_POMEG_BERRY","common",""
"170","ITEM_KELPSY_BERRY","ITEM_KELPSY_BERRY","ITEM_KELPSY_BERRY","common",""
"171","ITEM_QUALOT_BERRY","ITEM_QUALOT_BERRY","ITEM_QUALOT_BERRY","common",""
"172","ITEM_HONDEW_BERRY","ITEM_HONDEW_BERRY","ITEM_HONDEW_BERRY","common",""
"173","ITEM_GREPA_BERRY","ITEM_GREPA_BERRY","ITEM_GREPA_BERRY","common",""
"174","ITEM_TAMATO_BERRY","ITEM_TAMATO_BERRY","ITEM_TAMATO_BERRY","common",""
"175","ITEM_CORNN_BERRY","ITEM_CORNN_BERRY","ITEM_CORNN_BERRY","common",""
"176","ITEM_MAGOST_BERRY","ITEM_MAGOST_BERRY","ITEM_MAGOST_BERRY","common",""
"177","ITEM_RABUTA_BERRY","ITEM_RABUTA_BERRY","ITEM_RABUTA_BERRY","common",""
"178","ITEM_NOMEL_BERRY","ITEM_NOMEL_BERRY","ITEM_NOMEL_BERRY","common",""
"179","ITEM_SPELON_BERRY","ITEM_SPELON_BERRY","ITEM_SPELON_BERRY","common",""
"180","ITEM_PAMTRE_BERRY","ITEM_PAMTRE_BERRY","ITEM_PAMTRE_BERRY","common",""
"181","ITEM_WATMEL_BERRY","ITEM_WATMEL_BERRY","ITEM_WATMEL_BERRY","common",""
"182","ITEM_DURIN_BERRY","ITEM_DURIN_BERRY","ITEM_DURIN_BERRY","common",""
"183","ITEM_BELUE_BERRY","ITEM_BELUE_BERRY","ITEM_BELUE_BERRY","common",""
"184","ITEM_OCCA_BERRY","ITEM_OCCA_BERRY","ITEM_OCCA_BERRY","common",""
"185","ITEM_PASSHO_BERRY","ITEM_PASSHO_BERRY","ITEM_PASSHO_BERRY","common",""
"186","ITEM_WACAN_BERRY","ITEM_WACAN_BERRY","ITEM_WACAN_BERRY","common",""
"187","ITEM_RINDO_BERRY","ITEM_RINDO_BERRY","ITEM_RINDO_BERRY","common",""
"188","ITEM_YACHE_BERRY","ITEM_YACHE_BERRY","ITEM_YACHE_BERRY","common",""
"189","ITEM_CHOPLE_BERRY","ITEM_CHOPLE_BERRY","ITEM_CHOPLE_BERRY","common",""
"190","ITEM_KEBIA_BERRY","ITEM_KEBIA_BERRY","ITEM_KEBIA_BERRY","common",""
"191","ITEM_SHUCA_BERRY","ITEM_SHUCA_BERRY","ITEM_SHUCA_BERRY","common",""
"192","ITEM_COBA_BERRY","ITEM_COBA_BERRY","ITEM_COBA_BERRY","common",""
"193","ITEM_PAYAPA_BERRY","ITEM_PAYAPA_BERRY","ITEM_PAYAPA_BERRY","common",""
"194","ITEM_TANGA_BERRY","ITEM_TANGA_BERRY","ITEM_TANGA_BERRY","common",""
"195","ITEM_CHARTI_BERRY","ITEM_CHARTI_BERRY","ITEM_CHARTI_BERRY","common",""
"196","ITEM_KASIB_BERRY","ITEM_KASIB_BERRY","ITEM_KASIB_BERRY","common",""
"197","ITEM_HABAN_BERRY","ITEM_HABAN_BERRY","ITEM_HABAN_BERRY","common",""
"198","ITEM_COLBUR_BERRY","ITEM_COLBUR_BERRY","ITEM_COLBUR_BERRY","common",""
"199","ITEM_BABIRI_BERRY","ITEM_BABIRI_BERRY","ITEM_BABIRI_BERRY","common",""
"200","ITEM_CHILAN_BERRY","ITEM_CHILAN_BERRY","ITEM_CHILAN_BERRY","common",""
"201","ITEM_LIECHI_BERRY","ITEM_LIECHI_BERRY","ITEM_LIECHI_BERRY","common",""
"202","ITEM_GANLON_BERRY","ITEM_GANLON_BERRY","ITEM_GANLON_BERRY","common",""
"203","ITEM_SALAC_BERRY","ITEM_SALAC_BERRY","ITEM_SALAC_BERRY","common",""
"204","ITEM_PETAYA_BERRY","ITEM_PETAYA_BERRY","ITEM_PETAYA_BERRY","common",""
"205","ITEM_APICOT_BERRY","ITEM_APICOT_BERRY","ITEM_APICOT_BERRY","common",""
"206","ITEM_LANSAT_BERRY","ITEM_LANSAT_BERRY","ITEM_LANSAT_BERRY","common",""
"207","ITEM_STARF_BERRY","ITEM_STARF_BERRY","ITEM_STARF_BERRY","common",""
"208","ITEM_ENIGMA_BERRY","ITEM_ENIGMA_BERRY","ITEM_ENIGMA_BERRY","common",""
"209","ITEM_MICLE_BERRY","ITEM_MICLE_BERRY","ITEM_MICLE_BERRY","common",""
"210","ITEM_CUSTAP_BERRY","ITEM_CUSTAP_BERRY","ITEM_CUSTAP_BERRY","common",""
"211","ITEM_JABOCA_BERRY","ITEM_JABOCA_BERRY","ITEM_JABOCA_BERRY","common",""
"212","ITEM_ROWAP_BERRY","ITEM_ROWAP_BERRY","ITEM_ROWAP_BERRY","common",""
"213","ITEM_BRIGHTPOWDER","ITEM_BRIGHTPOWDER","ITEM_BRIGHTPOWDER","common",""
"214","ITEM_WHITE_HERB","ITEM_WHITE_HERB","ITEM_WHITE_HERB","common",""
"215","ITEM_MACHO_BRACE","ITEM_MACHO_BRACE","ITEM_MACHO_BRACE","common",""
"216","ITEM_EXP__SHARE","ITEM_EXP_SHARE","ITEM_EXP__SHARE","common","symbol spelling differs only"
"217","ITEM_QUICK_CLAW","ITEM_QUICK_CLAW","ITEM_QUICK_CLAW","common",""
"218","ITEM_SOOTHE_BELL","ITEM_SOOTHE_BELL","ITEM_SOOTHE_BELL","common",""
"219","ITEM_MENTAL_HERB","ITEM_MENTAL_HERB","ITEM_MENTAL_HERB","common",""
"220","ITEM_CHOICE_BAND","ITEM_CHOICE_BAND","ITEM_CHOICE_BAND","common",""
"221","ITEM_KINGS_ROCK","ITEM_KINGS_ROCK","ITEM_KINGS_ROCK","common",""
"222","ITEM_SILVERPOWDER","ITEM_SILVERPOWDER","ITEM_SILVERPOWDER","common",""
"223","ITEM_AMULET_COIN","ITEM_AMULET_COIN","ITEM_AMULET_COIN","common",""
"224","ITEM_CLEANSE_TAG","ITEM_CLEANSE_TAG","ITEM_CLEANSE_TAG","common",""
"225","ITEM_SOUL_DEW","ITEM_SOUL_DEW","ITEM_SOUL_DEW","common",""
"226","ITEM_DEEPSEATOOTH","ITEM_DEEPSEATOOTH","ITEM_DEEPSEATOOTH","common",""
"227","ITEM_DEEPSEASCALE","ITEM_DEEPSEASCALE","ITEM_DEEPSEASCALE","common",""
"228","ITEM_SMOKE_BALL","ITEM_SMOKE_BALL","ITEM_SMOKE_BALL","common",""
"229","ITEM_EVERSTONE","ITEM_EVERSTONE","ITEM_EVERSTONE","common",""
"230","ITEM_FOCUS_BAND","ITEM_FOCUS_BAND","ITEM_FOCUS_BAND","common",""
"231","ITEM_LUCKY_EGG","ITEM_LUCKY_EGG","ITEM_LUCKY_EGG","common",""
"232","ITEM_SCOPE_LENS","ITEM_SCOPE_LENS","ITEM_SCOPE_LENS","common",""
"233","ITEM_METAL_COAT","ITEM_METAL_COAT","ITEM_METAL_COAT","common",""
"234","ITEM_LEFTOVERS","ITEM_LEFTOVERS","ITEM_LEFTOVERS","common",""
"235","ITEM_DRAGON_SCALE","ITEM_DRAGON_SCALE","ITEM_DRAGON_SCALE","common",""
"236","ITEM_LIGHT_BALL","ITEM_LIGHT_BALL","ITEM_LIGHT_BALL","common",""
"237","ITEM_SOFT_SAND","ITEM_SOFT_SAND","ITEM_SOFT_SAND","common",""
"238","ITEM_HARD_STONE","ITEM_HARD_STONE","ITEM_HARD_STONE","common",""
"239","ITEM_MIRACLE_SEED","ITEM_MIRACLE_SEED","ITEM_MIRACLE_SEED","common",""
"240","ITEM_BLACKGLASSES","ITEM_BLACKGLASSES","ITEM_BLACKGLASSES","common",""
"241","ITEM_BLACK_BELT","ITEM_BLACK_BELT","ITEM_BLACK_BELT","common",""
"242","ITEM_MAGNET","ITEM_MAGNET","ITEM_MAGNET","common",""
"243","ITEM_MYSTIC_WATER","ITEM_MYSTIC_WATER","ITEM_MYSTIC_WATER","common",""
"244","ITEM_SHARP_BEAK","ITEM_SHARP_BEAK","ITEM_SHARP_BEAK","common",""
"245","ITEM_POISON_BARB","ITEM_POISON_BARB","ITEM_POISON_BARB","common",""
"246","ITEM_NEVERMELTICE","ITEM_NEVERMELTICE","ITEM_NEVERMELTICE","common",""
"247","ITEM_SPELL_TAG","ITEM_SPELL_TAG","ITEM_SPELL_TAG","common",""
"248","ITEM_TWISTEDSPOON","ITEM_TWISTEDSPOON","ITEM_TWISTEDSPOON","common",""
"249","ITEM_CHARCOAL","ITEM_CHARCOAL","ITEM_CHARCOAL","common",""
"250","ITEM_DRAGON_FANG","ITEM_DRAGON_FANG","ITEM_DRAGON_FANG","common",""
"251","ITEM_SILK_SCARF","ITEM_SILK_SCARF","ITEM_SILK_SCARF","common",""
"252","ITEM_UPGRADE","ITEM_UPGRADE","ITEM_UPGRADE","common",""
"253","ITEM_SHELL_BELL","ITEM_SHELL_BELL","ITEM_SHELL_BELL","common",""
"254","ITEM_SEA_INCENSE","ITEM_SEA_INCENSE","ITEM_SEA_INCENSE","common",""
"255","ITEM_LAX_INCENSE","ITEM_LAX_INCENSE","ITEM_LAX_INCENSE","common",""
"256","ITEM_LUCKY_PUNCH","ITEM_LUCKY_PUNCH","ITEM_LUCKY_PUNCH","common",""
"257","ITEM_METAL_POWDER","ITEM_METAL_POWDER","ITEM_METAL_POWDER","common",""
"258","ITEM_THICK_CLUB","ITEM_THICK_CLUB","ITEM_THICK_CLUB","common",""
"259","ITEM_STICK","ITEM_STICK","ITEM_STICK","common",""
"260","ITEM_RED_SCARF","ITEM_RED_SCARF","ITEM_RED_SCARF","common",""
"261","ITEM_BLUE_SCARF","ITEM_BLUE_SCARF","ITEM_BLUE_SCARF","common",""
"262","ITEM_PINK_SCARF","ITEM_PINK_SCARF","ITEM_PINK_SCARF","common",""
"263","ITEM_GREEN_SCARF","ITEM_GREEN_SCARF","ITEM_GREEN_SCARF","common",""
"264","ITEM_YELLOW_SCARF","ITEM_YELLOW_SCARF","ITEM_YELLOW_SCARF","common",""
"265","ITEM_WIDE_LENS","ITEM_WIDE_LENS","ITEM_WIDE_LENS","common",""
"266","ITEM_MUSCLE_BAND","ITEM_MUSCLE_BAND","ITEM_MUSCLE_BAND","common",""
"267","ITEM_WISE_GLASSES","ITEM_WISE_GLASSES","ITEM_WISE_GLASSES","common",""
"268","ITEM_EXPERT_BELT","ITEM_EXPERT_BELT","ITEM_EXPERT_BELT","common",""
"269","ITEM_LIGHT_CLAY","ITEM_LIGHT_CLAY","ITEM_LIGHT_CLAY","common",""
"270","ITEM_LIFE_ORB","ITEM_LIFE_ORB","ITEM_LIFE_ORB","common",""
"271","ITEM_POWER_HERB","ITEM_POWER_HERB","ITEM_POWER_HERB","common",""
"272","ITEM_TOXIC_ORB","ITEM_TOXIC_ORB","ITEM_TOXIC_ORB","common",""
"273","ITEM_FLAME_ORB","ITEM_FLAME_ORB","ITEM_FLAME_ORB","common",""
"274","ITEM_QUICK_POWDER","ITEM_QUICK_POWDER","ITEM_QUICK_POWDER","common",""
"275","ITEM_FOCUS_SASH","ITEM_FOCUS_SASH","ITEM_FOCUS_SASH","common",""
"276","ITEM_ZOOM_LENS","ITEM_ZOOM_LENS","ITEM_ZOOM_LENS","common",""
"277","ITEM_METRONOME","ITEM_METRONOME","ITEM_METRONOME","common",""
"278","ITEM_IRON_BALL","ITEM_IRON_BALL","ITEM_IRON_BALL","common",""
"279","ITEM_LAGGING_TAIL","ITEM_LAGGING_TAIL","ITEM_LAGGING_TAIL","common",""
"280","ITEM_DESTINY_KNOT","ITEM_DESTINY_KNOT","ITEM_DESTINY_KNOT","common",""
"281","ITEM_BLACK_SLUDGE","ITEM_BLACK_SLUDGE","ITEM_BLACK_SLUDGE","common",""
"282","ITEM_ICY_ROCK","ITEM_ICY_ROCK","ITEM_ICY_ROCK","common",""
"283","ITEM_SMOOTH_ROCK","ITEM_SMOOTH_ROCK","ITEM_SMOOTH_ROCK","common",""
"284","ITEM_HEAT_ROCK","ITEM_HEAT_ROCK","ITEM_HEAT_ROCK","common",""
"285","ITEM_DAMP_ROCK","ITEM_DAMP_ROCK","ITEM_DAMP_ROCK","common",""
"286","ITEM_GRIP_CLAW","ITEM_GRIP_CLAW","ITEM_GRIP_CLAW","common",""
"287","ITEM_CHOICE_SCARF","ITEM_CHOICE_SCARF","ITEM_CHOICE_SCARF","common",""
"288","ITEM_STICKY_BARB","ITEM_STICKY_BARB","ITEM_STICKY_BARB","common",""
"289","ITEM_POWER_BRACER","ITEM_POWER_BRACER","ITEM_POWER_BRACER","common",""
"290","ITEM_POWER_BELT","ITEM_POWER_BELT","ITEM_POWER_BELT","common",""
"291","ITEM_POWER_LENS","ITEM_POWER_LENS","ITEM_POWER_LENS","common",""
"292","ITEM_POWER_BAND","ITEM_POWER_BAND","ITEM_POWER_BAND","common",""
"293","ITEM_POWER_ANKLET","ITEM_POWER_ANKLET","ITEM_POWER_ANKLET","common",""
"294","ITEM_POWER_WEIGHT","ITEM_POWER_WEIGHT","ITEM_POWER_WEIGHT","common",""
"295","ITEM_SHED_SHELL","ITEM_SHED_SHELL","ITEM_SHED_SHELL","common",""
"296","ITEM_BIG_ROOT","ITEM_BIG_ROOT","ITEM_BIG_ROOT","common",""
"297","ITEM_CHOICE_SPECS","ITEM_CHOICE_SPECS","ITEM_CHOICE_SPECS","common",""
"298","ITEM_FLAME_PLATE","ITEM_FLAME_PLATE","ITEM_FLAME_PLATE","common",""
"299","ITEM_SPLASH_PLATE","ITEM_SPLASH_PLATE","ITEM_SPLASH_PLATE","common",""
"300","ITEM_ZAP_PLATE","ITEM_ZAP_PLATE","ITEM_ZAP_PLATE","common",""
"301","ITEM_MEADOW_PLATE","ITEM_MEADOW_PLATE","ITEM_MEADOW_PLATE","common",""
"302","ITEM_ICICLE_PLATE","ITEM_ICICLE_PLATE","ITEM_ICICLE_PLATE","common",""
"303","ITEM_FIST_PLATE","ITEM_FIST_PLATE","ITEM_FIST_PLATE","common",""
"304","ITEM_TOXIC_PLATE","ITEM_TOXIC_PLATE","ITEM_TOXIC_PLATE","common",""
"305","ITEM_EARTH_PLATE","ITEM_EARTH_PLATE","ITEM_EARTH_PLATE","common",""
"306","ITEM_SKY_PLATE","ITEM_SKY_PLATE","ITEM_SKY_PLATE","common",""
"307","ITEM_MIND_PLATE","ITEM_MIND_PLATE","ITEM_MIND_PLATE","common",""
"308","ITEM_INSECT_PLATE","ITEM_INSECT_PLATE","ITEM_INSECT_PLATE","common",""
"309","ITEM_STONE_PLATE","ITEM_STONE_PLATE","ITEM_STONE_PLATE","common",""
"310","ITEM_SPOOKY_PLATE","ITEM_SPOOKY_PLATE","ITEM_SPOOKY_PLATE","common",""
"311","ITEM_DRACO_PLATE","ITEM_DRACO_PLATE","ITEM_DRACO_PLATE","common",""
"312","ITEM_DREAD_PLATE","ITEM_DREAD_PLATE","ITEM_DREAD_PLATE","common",""
"313","ITEM_IRON_PLATE","ITEM_IRON_PLATE","ITEM_IRON_PLATE","common",""
"314","ITEM_ODD_INCENSE","ITEM_ODD_INCENSE","ITEM_ODD_INCENSE","common",""
"315","ITEM_ROCK_INCENSE","ITEM_ROCK_INCENSE","ITEM_ROCK_INCENSE","common",""
"316","ITEM_FULL_INCENSE","ITEM_FULL_INCENSE","ITEM_FULL_INCENSE","common",""
"317","ITEM_WAVE_INCENSE","ITEM_WAVE_INCENSE","ITEM_WAVE_INCENSE","common",""
"318","ITEM_ROSE_INCENSE","ITEM_ROSE_INCENSE","ITEM_ROSE_INCENSE","common",""
"319","ITEM_LUCK_INCENSE","ITEM_LUCK_INCENSE","ITEM_LUCK_INCENSE","common",""
"320","ITEM_PURE_INCENSE","ITEM_PURE_INCENSE","ITEM_PURE_INCENSE","common",""
"321","ITEM_PROTECTOR","ITEM_PROTECTOR","ITEM_PROTECTOR","common",""
"322","ITEM_ELECTIRIZER","ITEM_ELECTIRIZER","ITEM_ELECTIRIZER","common",""
"323","ITEM_MAGMARIZER","ITEM_MAGMARIZER","ITEM_MAGMARIZER","common",""
"324","ITEM_DUBIOUS_DISC","ITEM_DUBIOUS_DISC","ITEM_DUBIOUS_DISC","common",""
"325","ITEM_REAPER_CLOTH","ITEM_REAPER_CLOTH","ITEM_REAPER_CLOTH","common",""
"326","ITEM_RAZOR_CLAW","ITEM_RAZOR_CLAW","ITEM_RAZOR_CLAW","common",""
"327","ITEM_RAZOR_FANG","ITEM_RAZOR_FANG","ITEM_RAZOR_FANG","common",""
"328","ITEM_TM01","ITEM_TM01","ITEM_TM01","common",""
"329","ITEM_TM02","ITEM_TM02","ITEM_TM02","common",""
"330","ITEM_TM03","ITEM_TM03","ITEM_TM03","common",""
"331","ITEM_TM04","ITEM_TM04","ITEM_TM04","common",""
"332","ITEM_TM05","ITEM_TM05","ITEM_TM05","common",""
"333","ITEM_TM06","ITEM_TM06","ITEM_TM06","common",""
"334","ITEM_TM07","ITEM_TM07","ITEM_TM07","common",""
"335","ITEM_TM08","ITEM_TM08","ITEM_TM08","common",""
"336","ITEM_TM09","ITEM_TM09","ITEM_TM09","common",""
"337","ITEM_TM10","ITEM_TM10","ITEM_TM10","common",""
"338","ITEM_TM11","ITEM_TM11","ITEM_TM11","common",""
"339","ITEM_TM12","ITEM_TM12","ITEM_TM12","common",""
"340","ITEM_TM13","ITEM_TM13","ITEM_TM13","common",""
"341","ITEM_TM14","ITEM_TM14","ITEM_TM14","common",""
"342","ITEM_TM15","ITEM_TM15","ITEM_TM15","common",""
"343","ITEM_TM16","ITEM_TM16","ITEM_TM16","common",""
"344","ITEM_TM17","ITEM_TM17","ITEM_TM17","common",""
"345","ITEM_TM18","ITEM_TM18","ITEM_TM18","common",""
"346","ITEM_TM19","ITEM_TM19","ITEM_TM19","common",""
"347","ITEM_TM20","ITEM_TM20","ITEM_TM20","common",""
"348","ITEM_TM21","ITEM_TM21","ITEM_TM21","common",""
"349","ITEM_TM22","ITEM_TM22","ITEM_TM22","common",""
"350","ITEM_TM23","ITEM_TM23","ITEM_TM23","common",""
"351","ITEM_TM24","ITEM_TM24","ITEM_TM24","common",""
"352","ITEM_TM25","ITEM_TM25","ITEM_TM25","common",""
"353","ITEM_TM26","ITEM_TM26","ITEM_TM26","common",""
"354","ITEM_TM27","ITEM_TM27","ITEM_TM27","common",""
"355","ITEM_TM28","ITEM_TM28","ITEM_TM28","common",""
"356","ITEM_TM29","ITEM_TM29","ITEM_TM29","common",""
"357","ITEM_TM30","ITEM_TM30","ITEM_TM30","common",""
"358","ITEM_TM31","ITEM_TM31","ITEM_TM31","common",""
"359","ITEM_TM32","ITEM_TM32","ITEM_TM32","common",""
"360","ITEM_TM33","ITEM_TM33","ITEM_TM33","common",""
"361","ITEM_TM34","ITEM_TM34","ITEM_TM34","common",""
"362","ITEM_TM35","ITEM_TM35","ITEM_TM35","common",""
"363","ITEM_TM36","ITEM_TM36","ITEM_TM36","common",""
"364","ITEM_TM37","ITEM_TM37","ITEM_TM37","common",""
"365","ITEM_TM38","ITEM_TM38","ITEM_TM38","common",""
"366","ITEM_TM39","ITEM_TM39","ITEM_TM39","common",""
"367","ITEM_TM40","ITEM_TM40","ITEM_TM40","common",""
"368","ITEM_TM41","ITEM_TM41","ITEM_TM41","common",""
"369","ITEM_TM42","ITEM_TM42","ITEM_TM42","common",""
"370","ITEM_TM43","ITEM_TM43","ITEM_TM43","common",""
"371","ITEM_TM44","ITEM_TM44","ITEM_TM44","common",""
"372","ITEM_TM45","ITEM_TM45","ITEM_TM45","common",""
"373","ITEM_TM46","ITEM_TM46","ITEM_TM46","common",""
"374","ITEM_TM47","ITEM_TM47","ITEM_TM47","common",""
"375","ITEM_TM48","ITEM_TM48","ITEM_TM48","common",""
"376","ITEM_TM49","ITEM_TM49","ITEM_TM49","common",""
"377","ITEM_TM50","ITEM_TM50","ITEM_TM50","common",""
"378","ITEM_TM51","ITEM_TM51","ITEM_TM51","common",""
"379","ITEM_TM52","ITEM_TM52","ITEM_TM52","common",""
"380","ITEM_TM53","ITEM_TM53","ITEM_TM53","common",""
"381","ITEM_TM54","ITEM_TM54","ITEM_TM54","common",""
"382","ITEM_TM55","ITEM_TM55","ITEM_TM55","common",""
"383","ITEM_TM56","ITEM_TM56","ITEM_TM56","common",""
"384","ITEM_TM57","ITEM_TM57","ITEM_TM57","common",""
"385","ITEM_TM58","ITEM_TM58","ITEM_TM58","common",""
"386","ITEM_TM59","ITEM_TM59","ITEM_TM59","common",""
"387","ITEM_TM60","ITEM_TM60","ITEM_TM60","common",""
"388","ITEM_TM61","ITEM_TM61","ITEM_TM61","common",""
"389","ITEM_TM62","ITEM_TM62","ITEM_TM62","common",""
"390","ITEM_TM63","ITEM_TM63","ITEM_TM63","common",""
"391","ITEM_TM64","ITEM_TM64","ITEM_TM64","common",""
"392","ITEM_TM65","ITEM_TM65","ITEM_TM65","common",""
"393","ITEM_TM66","ITEM_TM66","ITEM_TM66","common",""
"394","ITEM_TM67","ITEM_TM67","ITEM_TM67","common",""
"395","ITEM_TM68","ITEM_TM68","ITEM_TM68","common",""
"396","ITEM_TM69","ITEM_TM69","ITEM_TM69","common",""
"397","ITEM_TM70","ITEM_TM70","ITEM_TM70","common",""
"398","ITEM_TM71","ITEM_TM71","ITEM_TM71","common",""
"399","ITEM_TM72","ITEM_TM72","ITEM_TM72","common",""
"400","ITEM_TM73","ITEM_TM73","ITEM_TM73","common",""
"401","ITEM_TM74","ITEM_TM74","ITEM_TM74","common",""
"402","ITEM_TM75","ITEM_TM75","ITEM_TM75","common",""
"403","ITEM_TM76","ITEM_TM76","ITEM_TM76","common",""
"404","ITEM_TM77","ITEM_TM77","ITEM_TM77","common",""
"405","ITEM_TM78","ITEM_TM78","ITEM_TM78","common",""
"406","ITEM_TM79","ITEM_TM79","ITEM_TM79","common",""
"407","ITEM_TM80","ITEM_TM80","ITEM_TM80","common",""
"408","ITEM_TM81","ITEM_TM81","ITEM_TM81","common",""
"409","ITEM_TM82","ITEM_TM82","ITEM_TM82","common",""
"410","ITEM_TM83","ITEM_TM83","ITEM_TM83","common",""
"411","ITEM_TM84","ITEM_TM84","ITEM_TM84","common",""
"412","ITEM_TM85","ITEM_TM85","ITEM_TM85","common",""
"413","ITEM_TM86","ITEM_TM86","ITEM_TM86","common",""
"414","ITEM_TM87","ITEM_TM87","ITEM_TM87","common",""
"415","ITEM_TM88","ITEM_TM88","ITEM_TM88","common",""
"416","ITEM_TM89","ITEM_TM89","ITEM_TM89","common",""
"417","ITEM_TM90","ITEM_TM90","ITEM_TM90","common",""
"418","ITEM_TM91","ITEM_TM91","ITEM_TM91","common",""
"419","ITEM_TM92","ITEM_TM92","ITEM_TM92","common",""
"420","ITEM_HM01","ITEM_HM01","ITEM_HM01","common",""
"421","ITEM_HM02","ITEM_HM02","ITEM_HM02","common",""
"422","ITEM_HM03","ITEM_HM03","ITEM_HM03","common",""
"423","ITEM_HM04","ITEM_HM04","ITEM_HM04","common",""
"424","ITEM_HM05","ITEM_HM05","ITEM_HM05","common",""
"425","ITEM_HM06","ITEM_HM06","ITEM_HM06","common",""
"426","ITEM_HM07","ITEM_HM07","ITEM_HM07","common",""
"427","ITEM_HM08","ITEM_HM08","ITEM_HM08","common",""
"428","ITEM_EXPLORER_KIT","ITEM_EXPLORER_KIT","ITEM_EXPLORER_KIT","common",""
"429","ITEM_LOOT_SACK","ITEM_LOOT_SACK","ITEM_LOOT_SACK","common",""
"430","ITEM_RULE_BOOK","ITEM_RULE_BOOK","ITEM_RULE_BOOK","common",""
"431","ITEM_POKE_RADAR","ITEM_POKE_RADAR","ITEM_POKE_RADAR","common",""
"432","ITEM_POINT_CARD","ITEM_POINT_CARD","ITEM_POINT_CARD","common",""
"433","ITEM_JOURNAL","ITEM_JOURNAL","ITEM_JOURNAL","common",""
"434","ITEM_SEAL_CASE","ITEM_SEAL_CASE","ITEM_SEAL_CASE","common",""
"435","ITEM_FASHION_CASE","ITEM_FASHION_CASE","ITEM_FASHION_CASE","common",""
"436","ITEM_SEAL_BAG","ITEM_SEAL_BAG","ITEM_SEAL_BAG","common",""
"437","ITEM_PAL_PAD","ITEM_PAL_PAD","ITEM_PAL_PAD","common",""
"438","ITEM_WORKS_KEY","ITEM_WORKS_KEY","ITEM_WORKS_KEY","common",""
"439","ITEM_OLD_CHARM","ITEM_OLD_CHARM","ITEM_OLD_CHARM","common",""
"440","ITEM_GALACTIC_KEY","ITEM_GALACTIC_KEY","ITEM_GALACTIC_KEY","common",""
"441","ITEM_RED_CHAIN","ITEM_RED_CHAIN","ITEM_RED_CHAIN","common",""
"442","ITEM_TOWN_MAP","ITEM_TOWN_MAP","ITEM_TOWN_MAP","common",""
"443","ITEM_VS__SEEKER","ITEM_VS_SEEKER","ITEM_VS__SEEKER","common","symbol spelling differs only"
"444","ITEM_COIN_CASE","ITEM_COIN_CASE","ITEM_COIN_CASE","common",""
"445","ITEM_OLD_ROD","ITEM_OLD_ROD","ITEM_OLD_ROD","common",""
"446","ITEM_GOOD_ROD","ITEM_GOOD_ROD","ITEM_GOOD_ROD","common",""
"447","ITEM_SUPER_ROD","ITEM_SUPER_ROD","ITEM_SUPER_ROD","common",""
"448","ITEM_SPRAYDUCK","ITEM_SPRAYDUCK","ITEM_SPRAYDUCK","common",""
"449","ITEM_POFFIN_CASE","ITEM_POFFIN_CASE","ITEM_POFFIN_CASE","common",""
"450","ITEM_BICYCLE","ITEM_BICYCLE","ITEM_BICYCLE","common",""
"451","ITEM_SUITE_KEY","ITEM_SUITE_KEY","ITEM_SUITE_KEY","common",""
"452","ITEM_OAKS_LETTER","ITEM_OAKS_LETTER","ITEM_OAKS_LETTER","common",""
"453","ITEM_LUNAR_WING","ITEM_LUNAR_WING","ITEM_LUNAR_WING","common",""
"454","ITEM_MEMBER_CARD","ITEM_MEMBER_CARD","ITEM_MEMBER_CARD","common",""
"455","ITEM_AZURE_FLUTE","ITEM_AZURE_FLUTE","ITEM_AZURE_FLUTE","common",""
"456","ITEM_S_S__TICKET","ITEM_S_S_TICKET","ITEM_S_S__TICKET","common","symbol spelling differs only"
"457","ITEM_CONTEST_PASS","ITEM_CONTEST_PASS","ITEM_CONTEST_PASS","common",""
"458","ITEM_MAGMA_STONE","ITEM_MAGMA_STONE","ITEM_MAGMA_STONE","common",""
"459","ITEM_PARCEL","ITEM_PARCEL","ITEM_PARCEL","common",""
"460","ITEM_COUPON_1","ITEM_COUPON_1","ITEM_COUPON_1","common",""
"461","ITEM_COUPON_2","ITEM_COUPON_2","ITEM_COUPON_2","common",""
"462","ITEM_COUPON_3","ITEM_COUPON_3","ITEM_COUPON_3","common",""
"463","ITEM_STORAGE_KEY","ITEM_STORAGE_KEY","ITEM_STORAGE_KEY","common",""
"464","ITEM_SECRETPOTION","ITEM_SECRETPOTION","ITEM_SECRETPOTION","common",""
"465","","ITEM_VS_RECORDER","ITEM_VS__RECORDER","pt_hgss","DP has no named constant at this ID"
"466","","ITEM_GRACIDEA","ITEM_GRACIDEA","pt_hgss","DP has no named constant at this ID"
"467","","ITEM_SECRET_KEY","ITEM_SECRET_KEY","pt_hgss","DP has no named constant at this ID"
"468","","","ITEM_APRICORN_BOX","hgss_only","added after Platinum range"
"469","","","ITEM_UNOWN_REPORT","hgss_only","added after Platinum range"
"470","","","ITEM_BERRY_POTS","hgss_only","added after Platinum range"
"471","","","ITEM_DOWSING_MCHN","hgss_only","added after Platinum range"
"472","","","ITEM_BLUE_CARD","hgss_only","added after Platinum range"
"473","","","ITEM_SLOWPOKETAIL","hgss_only","added after Platinum range"
"474","","","ITEM_CLEAR_BELL","hgss_only","added after Platinum range"
"475","","","ITEM_CARD_KEY","hgss_only","added after Platinum range"
"476","","","ITEM_BASEMENT_KEY","hgss_only","added after Platinum range"
"477","","","ITEM_SQUIRTBOTTLE","hgss_only","added after Platinum range"
"478","","","ITEM_RED_SCALE","hgss_only","added after Platinum range"
"479","","","ITEM_LOST_ITEM","hgss_only","added after Platinum range"
"480","","","ITEM_PASS","hgss_only","added after Platinum range"
"481","","","ITEM_MACHINE_PART","hgss_only","added after Platinum range"
"482","","","ITEM_SILVER_WING","hgss_only","added after Platinum range"
"483","","","ITEM_RAINBOW_WING","hgss_only","added after Platinum range"
"484","","","ITEM_MYSTERY_EGG","hgss_only","added after Platinum range"
"485","","","ITEM_RED_APRICORN","hgss_only","added after Platinum range"
"486","","","ITEM_YLW_APRICORN","hgss_only","added after Platinum range"
"487","","","ITEM_BLU_APRICORN","hgss_only","added after Platinum range"
"488","","","ITEM_GRN_APRICORN","hgss_only","added after Platinum range"
"489","","","ITEM_PNK_APRICORN","hgss_only","added after Platinum range"
"490","","","ITEM_WHT_APRICORN","hgss_only","added after Platinum range"
"491","","","ITEM_BLK_APRICORN","hgss_only","added after Platinum range"
"492","","","ITEM_FAST_BALL","hgss_only","added after Platinum range"
"493","","","ITEM_LEVEL_BALL","hgss_only","added after Platinum range"
"494","","","ITEM_LURE_BALL","hgss_only","added after Platinum range"
"495","","","ITEM_HEAVY_BALL","hgss_only","added after Platinum range"
"496","","","ITEM_LOVE_BALL","hgss_only","added after Platinum range"
"497","","","ITEM_FRIEND_BALL","hgss_only","added after Platinum range"
"498","","","ITEM_MOON_BALL","hgss_only","added after Platinum range"
"499","","","ITEM_SPORT_BALL","hgss_only","added after Platinum range"
"500","","","ITEM_PARK_BALL","hgss_only","added after Platinum range"
"501","","","ITEM_PHOTO_ALBUM","hgss_only","added after Platinum range"
"502","","","ITEM_GB_SOUNDS","hgss_only","added after Platinum range"
"503","","","ITEM_TIDAL_BELL","hgss_only","added after Platinum range"
"504","","","ITEM_RAGECANDYBAR","hgss_only","added after Platinum range"
"505","","","ITEM_DATA_CARD_01","hgss_only","added after Platinum range"
"506","","","ITEM_DATA_CARD_02","hgss_only","added after Platinum range"
"507","","","ITEM_DATA_CARD_03","hgss_only","added after Platinum range"
"508","","","ITEM_DATA_CARD_04","hgss_only","added after Platinum range"
"509","","","ITEM_DATA_CARD_05","hgss_only","added after Platinum range"
"510","","","ITEM_DATA_CARD_06","hgss_only","added after Platinum range"
"511","","","ITEM_DATA_CARD_07","hgss_only","added after Platinum range"
"512","","","ITEM_DATA_CARD_08","hgss_only","added after Platinum range"
"513","","","ITEM_DATA_CARD_09","hgss_only","added after Platinum range"
"514","","","ITEM_DATA_CARD_10","hgss_only","added after Platinum range"
"515","","","ITEM_DATA_CARD_11","hgss_only","added after Platinum range"
"516","","","ITEM_DATA_CARD_12","hgss_only","added after Platinum range"
"517","","","ITEM_DATA_CARD_13","hgss_only","added after Platinum range"
"518","","","ITEM_DATA_CARD_14","hgss_only","added after Platinum range"
"519","","","ITEM_DATA_CARD_15","hgss_only","added after Platinum range"
"520","","","ITEM_DATA_CARD_16","hgss_only","added after Platinum range"
"521","","","ITEM_DATA_CARD_17","hgss_only","added after Platinum range"
"522","","","ITEM_DATA_CARD_18","hgss_only","added after Platinum range"
"523","","","ITEM_DATA_CARD_19","hgss_only","added after Platinum range"
"524","","","ITEM_DATA_CARD_20","hgss_only","added after Platinum range"
"525","","","ITEM_DATA_CARD_21","hgss_only","added after Platinum range"
"526","","","ITEM_DATA_CARD_22","hgss_only","added after Platinum range"
"527","","","ITEM_DATA_CARD_23","hgss_only","added after Platinum range"
"528","","","ITEM_DATA_CARD_24","hgss_only","added after Platinum range"
"529","","","ITEM_DATA_CARD_25","hgss_only","added after Platinum range"
"530","","","ITEM_DATA_CARD_26","hgss_only","added after Platinum range"
"531","","","ITEM_DATA_CARD_27","hgss_only","added after Platinum range"
"532","","","ITEM_JADE_ORB","hgss_only","added after Platinum range"
"533","","","ITEM_LOCK_CAPSULE","hgss_only","added after Platinum range"
"534","","","ITEM_RED_ORB","hgss_only","added after Platinum range"
"535","","","ITEM_BLUE_ORB","hgss_only","added after Platinum range"
"536","","","ITEM_ENIGMA_STONE","hgss_only","added after Platinum range"
