id,name_ja,name_ko,name_en,source_repo,source_commit,source_path_ja,source_path_ko,source_path_en
0,―,-,—,kwsch/PKHeX,8ad201e80244f630ab5a46922ab72fb79c5ad4f4,PKHeX.Core/Resources/text/other/ja/text_Abilities_ja.txt,PKHeX.Core/Resources/text/other/ko/text_Abilities_ko.txt,PKHeX.Core/Resources/text/other/en/text_Abilities_en.txt
1,あくしゅう,악취,Stench,kwsch/PKHeX,8ad201e80244f630ab5a46922ab72fb79c5ad4f4,PKHeX.Core/Resources/text/other/ja/text_Abilities_ja.txt,PKHeX.Core/Resources/text/other/ko/text_Abilities_ko.txt,PKHeX.Core/Resources/text/other/en/text_Abilities_en.txt
2,あめふらし,잔비,Drizzle,kwsch/PKHeX,8ad201e80244f630ab5a46922ab72fb79c5ad4f4,PKHeX.Core/Resources/text/other/ja/text_Abilities_ja.txt,PKHeX.Core/Resources/text/other/ko/text_Abilities_ko.txt,PKHeX.Core/Resources/text/other/en/text_Abilities_en.txt
3,かそく,가속,Speed Boost,kwsch/PKHeX,8ad201e80244f630ab5a46922ab72fb79c5ad4f4,PKHeX.Core/Resources/text/other/ja/text_Abilities_ja.txt,PKHeX.Core/Resources/text/other/ko/text_Abilities_ko.txt,PKHeX.Core/Resources/text/other/en/text_Abilities_en.txt
4,カブトアーマー,전투무장,Battle Armor,kwsch/PKHeX,8ad201e80244f630ab5a46922ab72fb79c5ad4f4,PKHeX.Core/Resources/text/other/ja/text_Abilities_ja.txt,PKHeX.Core/Resources/text/other/ko/text_Abilities_ko.txt,PKHeX.Core/Resources/text/other/en/text_Abilities_en.txt
5,がんじょう,옹골참,Sturdy,kwsch/PKHeX,8ad201e80244f630ab5a46922ab72fb79c5ad4f4,PKHeX.Core/Resources/text/other/ja/text_Abilities_ja.txt,PKHeX.Core/Resources/text/other/ko/text_Abilities_ko.txt,PKHeX.Core/Resources/text/other/en/text_Abilities_en.txt
6,しめりけ,습기,Damp,kwsch/PKHeX,8ad201e80244f630ab5a46922ab72fb79c5ad4f4,PKHeX.Core/Resources/text/other/ja/text_Abilities_ja.txt,PKHeX.Core/Resources/text/other/ko/text_Abilities_ko.txt,PKHeX.Core/Resources/text/other/en/text_Abilities_en.txt
7,じゅうなん,유연,Limber,kwsch/PKHeX,8ad201e80244f630ab5a46922ab72fb79c5ad4f4,PKHeX.Core/Resources/text/other/ja/text_Abilities_ja.txt,PKHeX.Core/Resources/text/other/ko/text_Abilities_ko.txt,PKHeX.Core/Resources/text/other/en/text_Abilities_en.txt
8,すながくれ,모래숨기,Sand Veil,kwsch/PKHeX,8ad201e80244f630ab5a46922ab72fb79c5ad4f4,PKHeX.Core/Resources/text/other/ja/text_Abilities_ja.txt,PKHeX.Core/Resources/text/other/ko/text_Abilities_ko.txt,PKHeX.Core/Resources/text/other/en/text_Abilities_en.txt
9,せいでんき,정전기,Static,kwsch/PKHeX,8ad201e80244f630ab5a46922ab72fb79c5ad4f4,PKHeX.Core/Resources/text/other/ja/text_Abilities_ja.txt,PKHeX.Core/Resources/text/other/ko/text_Abilities_ko.txt,PKHeX.Core/Resources/text/other/en/text_Abilities_en.txt
10,ちくでん,축전,Volt Absorb,kwsch/PKHeX,8ad201e80244f630ab5a46922ab72fb79c5ad4f4,PKHeX.Core/Resources/text/other/ja/text_Abilities_ja.txt,PKHeX.Core/Resources/text/other/ko/text_Abilities_ko.txt,PKHeX.Core/Resources/text/other/en/text_Abilities_en.txt
11,ちょすい,저수,Water Absorb,kwsch/PKHeX,8ad201e80244f630ab5a46922ab72fb79c5ad4f4,PKHeX.Core/Resources/text/other/ja/text_Abilities_ja.txt,PKHeX.Core/Resources/text/other/ko/text_Abilities_ko.txt,PKHeX.Core/Resources/text/other/en/text_Abilities_en.txt
12,どんかん,둔감,Oblivious,kwsch/PKHeX,8ad201e80244f630ab5a46922ab72fb79c5ad4f4,PKHeX.Core/Resources/text/other/ja/text_Abilities_ja.txt,PKHeX.Core/Resources/text/other/ko/text_Abilities_ko.txt,PKHeX.Core/Resources/text/other/en/text_Abilities_en.txt
13,ノーてんき,날씨부정,Cloud Nine,kwsch/PKHeX,8ad201e80244f630ab5a46922ab72fb79c5ad4f4,PKHeX.Core/Resources/text/other/ja/text_Abilities_ja.txt,PKHeX.Core/Resources/text/other/ko/text_Abilities_ko.txt,PKHeX.Core/Resources/text/other/en/text_Abilities_en.txt
14,ふくがん,복안,Compound Eyes,kwsch/PKHeX,8ad201e80244f630ab5a46922ab72fb79c5ad4f4,PKHeX.Core/Resources/text/other/ja/text_Abilities_ja.txt,PKHeX.Core/Resources/text/other/ko/text_Abilities_ko.txt,PKHeX.Core/Resources/text/other/en/text_Abilities_en.txt
15,ふみん,불면,Insomnia,kwsch/PKHeX,8ad201e80244f630ab5a46922ab72fb79c5ad4f4,PKHeX.Core/Resources/text/other/ja/text_Abilities_ja.txt,PKHeX.Core/Resources/text/other/ko/text_Abilities_ko.txt,PKHeX.Core/Resources/text/other/en/text_Abilities_en.txt
16,へんしょく,변색,Color Change,kwsch/PKHeX,8ad201e80244f630ab5a46922ab72fb79c5ad4f4,PKHeX.Core/Resources/text/other/ja/text_Abilities_ja.txt,PKHeX.Core/Resources/text/other/ko/text_Abilities_ko.txt,PKHeX.Core/Resources/text/other/en/text_Abilities_en.txt
17,めんえき,면역,Immunity,kwsch/PKHeX,8ad201e80244f630ab5a46922ab72fb79c5ad4f4,PKHeX.Core/Resources/text/other/ja/text_Abilities_ja.txt,PKHeX.Core/Resources/text/other/ko/text_Abilities_ko.txt,PKHeX.Core/Resources/text/other/en/text_Abilities_en.txt
18,もらいび,타오르는불꽃,Flash Fire,kwsch/PKHeX,8ad201e80244f630ab5a46922ab72fb79c5ad4f4,PKHeX.Core/Resources/text/other/ja/text_Abilities_ja.txt,PKHeX.Core/Resources/text/other/ko/text_Abilities_ko.txt,PKHeX.Core/Resources/text/other/en/text_Abilities_en.txt
19,りんぷん,인분,Shield Dust,kwsch/PKHeX,8ad201e80244f630ab5a46922ab72fb79c5ad4f4,PKHeX.Core/Resources/text/other/ja/text_Abilities_ja.txt,PKHeX.Core/Resources/text/other/ko/text_Abilities_ko.txt,PKHeX.Core/Resources/text/other/en/text_Abilities_en.txt
20,マイペース,마이페이스,Own Tempo,kwsch/PKHeX,8ad201e80244f630ab5a46922ab72fb79c5ad4f4,PKHeX.Core/Resources/text/other/ja/text_Abilities_ja.txt,PKHeX.Core/Resources/text/other/ko/text_Abilities_ko.txt,PKHeX.Core/Resources/text/other/en/text_Abilities_en.txt
21,きゅうばん,흡반,Suction Cups,kwsch/PKHeX,8ad201e80244f630ab5a46922ab72fb79c5ad4f4,PKHeX.Core/Resources/text/other/ja/text_Abilities_ja.txt,PKHeX.Core/Resources/text/other/ko/text_Abilities_ko.txt,PKHeX.Core/Resources/text/other/en/text_Abilities_en.txt
22,いかく,위협,Intimidate,kwsch/PKHeX,8ad201e80244f630ab5a46922ab72fb79c5ad4f4,PKHeX.Core/Resources/text/other/ja/text_Abilities_ja.txt,PKHeX.Core/Resources/text/other/ko/text_Abilities_ko.txt,PKHeX.Core/Resources/text/other/en/text_Abilities_en.txt
23,かげふみ,그림자밟기,Shadow Tag,kwsch/PKHeX,8ad201e80244f630ab5a46922ab72fb79c5ad4f4,PKHeX.Core/Resources/text/other/ja/text_Abilities_ja.txt,PKHeX.Core/Resources/text/other/ko/text_Abilities_ko.txt,PKHeX.Core/Resources/text/other/en/text_Abilities_en.txt
24,さめはだ,까칠한피부,Rough Skin,kwsch/PKHeX,8ad201e80244f630ab5a46922ab72fb79c5ad4f4,PKHeX.Core/Resources/text/other/ja/text_Abilities_ja.txt,PKHeX.Core/Resources/text/other/ko/text_Abilities_ko.txt,PKHeX.Core/Resources/text/other/en/text_Abilities_en.txt
25,ふしぎなまもり,불가사의부적,Wonder Guard,kwsch/PKHeX,8ad201e80244f630ab5a46922ab72fb79c5ad4f4,PKHeX.Core/Resources/text/other/ja/text_Abilities_ja.txt,PKHeX.Core/Resources/text/other/ko/text_Abilities_ko.txt,PKHeX.Core/Resources/text/other/en/text_Abilities_en.txt
26,ふゆう,부유,Levitate,kwsch/PKHeX,8ad201e80244f630ab5a46922ab72fb79c5ad4f4,PKHeX.Core/Resources/text/other/ja/text_Abilities_ja.txt,PKHeX.Core/Resources/text/other/ko/text_Abilities_ko.txt,PKHeX.Core/Resources/text/other/en/text_Abilities_en.txt
27,ほうし,포자,Effect Spore,kwsch/PKHeX,8ad201e80244f630ab5a46922ab72fb79c5ad4f4,PKHeX.Core/Resources/text/other/ja/text_Abilities_ja.txt,PKHeX.Core/Resources/text/other/ko/text_Abilities_ko.txt,PKHeX.Core/Resources/text/other/en/text_Abilities_en.txt
28,シンクロ,싱크로,Synchronize,kwsch/PKHeX,8ad201e80244f630ab5a46922ab72fb79c5ad4f4,PKHeX.Core/Resources/text/other/ja/text_Abilities_ja.txt,PKHeX.Core/Resources/text/other/ko/text_Abilities_ko.txt,PKHeX.Core/Resources/text/other/en/text_Abilities_en.txt
29,クリアボディ,클리어바디,Clear Body,kwsch/PKHeX,8ad201e80244f630ab5a46922ab72fb79c5ad4f4,PKHeX.Core/Resources/text/other/ja/text_Abilities_ja.txt,PKHeX.Core/Resources/text/other/ko/text_Abilities_ko.txt,PKHeX.Core/Resources/text/other/en/text_Abilities_en.txt
30,しぜんかいふく,자연회복,Natural Cure,kwsch/PKHeX,8ad201e80244f630ab5a46922ab72fb79c5ad4f4,PKHeX.Core/Resources/text/other/ja/text_Abilities_ja.txt,PKHeX.Core/Resources/text/other/ko/text_Abilities_ko.txt,PKHeX.Core/Resources/text/other/en/text_Abilities_en.txt
31,ひらいしん,피뢰침,Lightning Rod,kwsch/PKHeX,8ad201e80244f630ab5a46922ab72fb79c5ad4f4,PKHeX.Core/Resources/text/other/ja/text_Abilities_ja.txt,PKHeX.Core/Resources/text/other/ko/text_Abilities_ko.txt,PKHeX.Core/Resources/text/other/en/text_Abilities_en.txt
32,てんのめぐみ,하늘의은총,Serene Grace,kwsch/PKHeX,8ad201e80244f630ab5a46922ab72fb79c5ad4f4,PKHeX.Core/Resources/text/other/ja/text_Abilities_ja.txt,PKHeX.Core/Resources/text/other/ko/text_Abilities_ko.txt,PKHeX.Core/Resources/text/other/en/text_Abilities_en.txt
33,すいすい,쓱쓱,Swift Swim,kwsch/PKHeX,8ad201e80244f630ab5a46922ab72fb79c5ad4f4,PKHeX.Core/Resources/text/other/ja/text_Abilities_ja.txt,PKHeX.Core/Resources/text/other/ko/text_Abilities_ko.txt,PKHeX.Core/Resources/text/other/en/text_Abilities_en.txt
34,ようりょくそ,엽록소,Chlorophyll,kwsch/PKHeX,8ad201e80244f630ab5a46922ab72fb79c5ad4f4,PKHeX.Core/Resources/text/other/ja/text_Abilities_ja.txt,PKHeX.Core/Resources/text/other/ko/text_Abilities_ko.txt,PKHeX.Core/Resources/text/other/en/text_Abilities_en.txt
35,はっこう,발광,Illuminate,kwsch/PKHeX,8ad201e80244f630ab5a46922ab72fb79c5ad4f4,PKHeX.Core/Resources/text/other/ja/text_Abilities_ja.txt,PKHeX.Core/Resources/text/other/ko/text_Abilities_ko.txt,PKHeX.Core/Resources/text/other/en/text_Abilities_en.txt
36,トレース,트레이스,Trace,kwsch/PKHeX,8ad201e80244f630ab5a46922ab72fb79c5ad4f4,PKHeX.Core/Resources/text/other/ja/text_Abilities_ja.txt,PKHeX.Core/Resources/text/other/ko/text_Abilities_ko.txt,PKHeX.Core/Resources/text/other/en/text_Abilities_en.txt
37,ちからもち,천하장사,Huge Power,kwsch/PKHeX,8ad201e80244f630ab5a46922ab72fb79c5ad4f4,PKHeX.Core/Resources/text/other/ja/text_Abilities_ja.txt,PKHeX.Core/Resources/text/other/ko/text_Abilities_ko.txt,PKHeX.Core/Resources/text/other/en/text_Abilities_en.txt
38,どくのトゲ,독가시,Poison Point,kwsch/PKHeX,8ad201e80244f630ab5a46922ab72fb79c5ad4f4,PKHeX.Core/Resources/text/other/ja/text_Abilities_ja.txt,PKHeX.Core/Resources/text/other/ko/text_Abilities_ko.txt,PKHeX.Core/Resources/text/other/en/text_Abilities_en.txt
39,せいしんりょく,정신력,Inner Focus,kwsch/PKHeX,8ad201e80244f630ab5a46922ab72fb79c5ad4f4,PKHeX.Core/Resources/text/other/ja/text_Abilities_ja.txt,PKHeX.Core/Resources/text/other/ko/text_Abilities_ko.txt,PKHeX.Core/Resources/text/other/en/text_Abilities_en.txt
40,マグマのよろい,마그마의무장,Magma Armor,kwsch/PKHeX,8ad201e80244f630ab5a46922ab72fb79c5ad4f4,PKHeX.Core/Resources/text/other/ja/text_Abilities_ja.txt,PKHeX.Core/Resources/text/other/ko/text_Abilities_ko.txt,PKHeX.Core/Resources/text/other/en/text_Abilities_en.txt
41,みずのベール,수의베일,Water Veil,kwsch/PKHeX,8ad201e80244f630ab5a46922ab72fb79c5ad4f4,PKHeX.Core/Resources/text/other/ja/text_Abilities_ja.txt,PKHeX.Core/Resources/text/other/ko/text_Abilities_ko.txt,PKHeX.Core/Resources/text/other/en/text_Abilities_en.txt
42,じりょく,자력,Magnet Pull,kwsch/PKHeX,8ad201e80244f630ab5a46922ab72fb79c5ad4f4,PKHeX.Core/Resources/text/other/ja/text_Abilities_ja.txt,PKHeX.Core/Resources/text/other/ko/text_Abilities_ko.txt,PKHeX.Core/Resources/text/other/en/text_Abilities_en.txt
43,ぼうおん,방음,Soundproof,kwsch/PKHeX,8ad201e80244f630ab5a46922ab72fb79c5ad4f4,PKHeX.Core/Resources/text/other/ja/text_Abilities_ja.txt,PKHeX.Core/Resources/text/other/ko/text_Abilities_ko.txt,PKHeX.Core/Resources/text/other/en/text_Abilities_en.txt
44,あめうけざら,젖은접시,Rain Dish,kwsch/PKHeX,8ad201e80244f630ab5a46922ab72fb79c5ad4f4,PKHeX.Core/Resources/text/other/ja/text_Abilities_ja.txt,PKHeX.Core/Resources/text/other/ko/text_Abilities_ko.txt,PKHeX.Core/Resources/text/other/en/text_Abilities_en.txt
45,すなおこし,모래날림,Sand Stream,kwsch/PKHeX,8ad201e80244f630ab5a46922ab72fb79c5ad4f4,PKHeX.Core/Resources/text/other/ja/text_Abilities_ja.txt,PKHeX.Core/Resources/text/other/ko/text_Abilities_ko.txt,PKHeX.Core/Resources/text/other/en/text_Abilities_en.txt
46,プレッシャー,프레셔,Pressure,kwsch/PKHeX,8ad201e80244f630ab5a46922ab72fb79c5ad4f4,PKHeX.Core/Resources/text/other/ja/text_Abilities_ja.txt,PKHeX.Core/Resources/text/other/ko/text_Abilities_ko.txt,PKHeX.Core/Resources/text/other/en/text_Abilities_en.txt
47,あついしぼう,두꺼운지방,Thick Fat,kwsch/PKHeX,8ad201e80244f630ab5a46922ab72fb79c5ad4f4,PKHeX.Core/Resources/text/other/ja/text_Abilities_ja.txt,PKHeX.Core/Resources/text/other/ko/text_Abilities_ko.txt,PKHeX.Core/Resources/text/other/en/text_Abilities_en.txt
48,はやおき,일찍기상,Early Bird,kwsch/PKHeX,8ad201e80244f630ab5a46922ab72fb79c5ad4f4,PKHeX.Core/Resources/text/other/ja/text_Abilities_ja.txt,PKHeX.Core/Resources/text/other/ko/text_Abilities_ko.txt,PKHeX.Core/Resources/text/other/en/text_Abilities_en.txt
49,ほのおのからだ,불꽃몸,Flame Body,kwsch/PKHeX,8ad201e80244f630ab5a46922ab72fb79c5ad4f4,PKHeX.Core/Resources/text/other/ja/text_Abilities_ja.txt,PKHeX.Core/Resources/text/other/ko/text_Abilities_ko.txt,PKHeX.Core/Resources/text/other/en/text_Abilities_en.txt
50,にげあし,도주,Run Away,kwsch/PKHeX,8ad201e80244f630ab5a46922ab72fb79c5ad4f4,PKHeX.Core/Resources/text/other/ja/text_Abilities_ja.txt,PKHeX.Core/Resources/text/other/ko/text_Abilities_ko.txt,PKHeX.Core/Resources/text/other/en/text_Abilities_en.txt
51,するどいめ,날카로운눈,Keen Eye,kwsch/PKHeX,8ad201e80244f630ab5a46922ab72fb79c5ad4f4,PKHeX.Core/Resources/text/other/ja/text_Abilities_ja.txt,PKHeX.Core/Resources/text/other/ko/text_Abilities_ko.txt,PKHeX.Core/Resources/text/other/en/text_Abilities_en.txt
52,かいりきバサミ,괴력집게,Hyper Cutter,kwsch/PKHeX,8ad201e80244f630ab5a46922ab72fb79c5ad4f4,PKHeX.Core/Resources/text/other/ja/text_Abilities_ja.txt,PKHeX.Core/Resources/text/other/ko/text_Abilities_ko.txt,PKHeX.Core/Resources/text/other/en/text_Abilities_en.txt
53,ものひろい,픽업,Pickup,kwsch/PKHeX,8ad201e80244f630ab5a46922ab72fb79c5ad4f4,PKHeX.Core/Resources/text/other/ja/text_Abilities_ja.txt,PKHeX.Core/Resources/text/other/ko/text_Abilities_ko.txt,PKHeX.Core/Resources/text/other/en/text_Abilities_en.txt
54,なまけ,게으름,Truant,kwsch/PKHeX,8ad201e80244f630ab5a46922ab72fb79c5ad4f4,PKHeX.Core/Resources/text/other/ja/text_Abilities_ja.txt,PKHeX.Core/Resources/text/other/ko/text_Abilities_ko.txt,PKHeX.Core/Resources/text/other/en/text_Abilities_en.txt
55,はりきり,의욕,Hustle,kwsch/PKHeX,8ad201e80244f630ab5a46922ab72fb79c5ad4f4,PKHeX.Core/Resources/text/other/ja/text_Abilities_ja.txt,PKHeX.Core/Resources/text/other/ko/text_Abilities_ko.txt,PKHeX.Core/Resources/text/other/en/text_Abilities_en.txt
56,メロメロボディ,헤롱헤롱바디,Cute Charm,kwsch/PKHeX,8ad201e80244f630ab5a46922ab72fb79c5ad4f4,PKHeX.Core/Resources/text/other/ja/text_Abilities_ja.txt,PKHeX.Core/Resources/text/other/ko/text_Abilities_ko.txt,PKHeX.Core/Resources/text/other/en/text_Abilities_en.txt
57,プラス,플러스,Plus,kwsch/PKHeX,8ad201e80244f630ab5a46922ab72fb79c5ad4f4,PKHeX.Core/Resources/text/other/ja/text_Abilities_ja.txt,PKHeX.Core/Resources/text/other/ko/text_Abilities_ko.txt,PKHeX.Core/Resources/text/other/en/text_Abilities_en.txt
58,マイナス,마이너스,Minus,kwsch/PKHeX,8ad201e80244f630ab5a46922ab72fb79c5ad4f4,PKHeX.Core/Resources/text/other/ja/text_Abilities_ja.txt,PKHeX.Core/Resources/text/other/ko/text_Abilities_ko.txt,PKHeX.Core/Resources/text/other/en/text_Abilities_en.txt
59,てんきや,기분파,Forecast,kwsch/PKHeX,8ad201e80244f630ab5a46922ab72fb79c5ad4f4,PKHeX.Core/Resources/text/other/ja/text_Abilities_ja.txt,PKHeX.Core/Resources/text/other/ko/text_Abilities_ko.txt,PKHeX.Core/Resources/text/other/en/text_Abilities_en.txt
60,ねんちゃく,점착,Sticky Hold,kwsch/PKHeX,8ad201e80244f630ab5a46922ab72fb79c5ad4f4,PKHeX.Core/Resources/text/other/ja/text_Abilities_ja.txt,PKHeX.Core/Resources/text/other/ko/text_Abilities_ko.txt,PKHeX.Core/Resources/text/other/en/text_Abilities_en.txt
61,だっぴ,탈피,Shed Skin,kwsch/PKHeX,8ad201e80244f630ab5a46922ab72fb79c5ad4f4,PKHeX.Core/Resources/text/other/ja/text_Abilities_ja.txt,PKHeX.Core/Resources/text/other/ko/text_Abilities_ko.txt,PKHeX.Core/Resources/text/other/en/text_Abilities_en.txt
62,こんじょう,근성,Guts,kwsch/PKHeX,8ad201e80244f630ab5a46922ab72fb79c5ad4f4,PKHeX.Core/Resources/text/other/ja/text_Abilities_ja.txt,PKHeX.Core/Resources/text/other/ko/text_Abilities_ko.txt,PKHeX.Core/Resources/text/other/en/text_Abilities_en.txt
63,ふしぎなうろこ,이상한비늘,Marvel Scale,kwsch/PKHeX,8ad201e80244f630ab5a46922ab72fb79c5ad4f4,PKHeX.Core/Resources/text/other/ja/text_Abilities_ja.txt,PKHeX.Core/Resources/text/other/ko/text_Abilities_ko.txt,PKHeX.Core/Resources/text/other/en/text_Abilities_en.txt
64,ヘドロえき,해감액,Liquid Ooze,kwsch/PKHeX,8ad201e80244f630ab5a46922ab72fb79c5ad4f4,PKHeX.Core/Resources/text/other/ja/text_Abilities_ja.txt,PKHeX.Core/Resources/text/other/ko/text_Abilities_ko.txt,PKHeX.Core/Resources/text/other/en/text_Abilities_en.txt
65,しんりょく,심록,Overgrow,kwsch/PKHeX,8ad201e80244f630ab5a46922ab72fb79c5ad4f4,PKHeX.Core/Resources/text/other/ja/text_Abilities_ja.txt,PKHeX.Core/Resources/text/other/ko/text_Abilities_ko.txt,PKHeX.Core/Resources/text/other/en/text_Abilities_en.txt
66,もうか,맹화,Blaze,kwsch/PKHeX,8ad201e80244f630ab5a46922ab72fb79c5ad4f4,PKHeX.Core/Resources/text/other/ja/text_Abilities_ja.txt,PKHeX.Core/Resources/text/other/ko/text_Abilities_ko.txt,PKHeX.Core/Resources/text/other/en/text_Abilities_en.txt
67,げきりゅう,급류,Torrent,kwsch/PKHeX,8ad201e80244f630ab5a46922ab72fb79c5ad4f4,PKHeX.Core/Resources/text/other/ja/text_Abilities_ja.txt,PKHeX.Core/Resources/text/other/ko/text_Abilities_ko.txt,PKHeX.Core/Resources/text/other/en/text_Abilities_en.txt
68,むしのしらせ,벌레의알림,Swarm,kwsch/PKHeX,8ad201e80244f630ab5a46922ab72fb79c5ad4f4,PKHeX.Core/Resources/text/other/ja/text_Abilities_ja.txt,PKHeX.Core/Resources/text/other/ko/text_Abilities_ko.txt,PKHeX.Core/Resources/text/other/en/text_Abilities_en.txt
69,いしあたま,돌머리,Rock Head,kwsch/PKHeX,8ad201e80244f630ab5a46922ab72fb79c5ad4f4,PKHeX.Core/Resources/text/other/ja/text_Abilities_ja.txt,PKHeX.Core/Resources/text/other/ko/text_Abilities_ko.txt,PKHeX.Core/Resources/text/other/en/text_Abilities_en.txt
70,ひでり,가뭄,Drought,kwsch/PKHeX,8ad201e80244f630ab5a46922ab72fb79c5ad4f4,PKHeX.Core/Resources/text/other/ja/text_Abilities_ja.txt,PKHeX.Core/Resources/text/other/ko/text_Abilities_ko.txt,PKHeX.Core/Resources/text/other/en/text_Abilities_en.txt
71,ありじごく,개미지옥,Arena Trap,kwsch/PKHeX,8ad201e80244f630ab5a46922ab72fb79c5ad4f4,PKHeX.Core/Resources/text/other/ja/text_Abilities_ja.txt,PKHeX.Core/Resources/text/other/ko/text_Abilities_ko.txt,PKHeX.Core/Resources/text/other/en/text_Abilities_en.txt
72,やるき,의기양양,Vital Spirit,kwsch/PKHeX,8ad201e80244f630ab5a46922ab72fb79c5ad4f4,PKHeX.Core/Resources/text/other/ja/text_Abilities_ja.txt,PKHeX.Core/Resources/text/other/ko/text_Abilities_ko.txt,PKHeX.Core/Resources/text/other/en/text_Abilities_en.txt
73,しろいけむり,하얀연기,White Smoke,kwsch/PKHeX,8ad201e80244f630ab5a46922ab72fb79c5ad4f4,PKHeX.Core/Resources/text/other/ja/text_Abilities_ja.txt,PKHeX.Core/Resources/text/other/ko/text_Abilities_ko.txt,PKHeX.Core/Resources/text/other/en/text_Abilities_en.txt
74,ヨガパワー,순수한힘,Pure Power,kwsch/PKHeX,8ad201e80244f630ab5a46922ab72fb79c5ad4f4,PKHeX.Core/Resources/text/other/ja/text_Abilities_ja.txt,PKHeX.Core/Resources/text/other/ko/text_Abilities_ko.txt,PKHeX.Core/Resources/text/other/en/text_Abilities_en.txt
75,シェルアーマー,조가비갑옷,Shell Armor,kwsch/PKHeX,8ad201e80244f630ab5a46922ab72fb79c5ad4f4,PKHeX.Core/Resources/text/other/ja/text_Abilities_ja.txt,PKHeX.Core/Resources/text/other/ko/text_Abilities_ko.txt,PKHeX.Core/Resources/text/other/en/text_Abilities_en.txt
76,エアロック,에어록,Air Lock,kwsch/PKHeX,8ad201e80244f630ab5a46922ab72fb79c5ad4f4,PKHeX.Core/Resources/text/other/ja/text_Abilities_ja.txt,PKHeX.Core/Resources/text/other/ko/text_Abilities_ko.txt,PKHeX.Core/Resources/text/other/en/text_Abilities_en.txt
77,ちどりあし,갈지자걸음,Tangled Feet,kwsch/PKHeX,8ad201e80244f630ab5a46922ab72fb79c5ad4f4,PKHeX.Core/Resources/text/other/ja/text_Abilities_ja.txt,PKHeX.Core/Resources/text/other/ko/text_Abilities_ko.txt,PKHeX.Core/Resources/text/other/en/text_Abilities_en.txt
78,でんきエンジン,전기엔진,Motor Drive,kwsch/PKHeX,8ad201e80244f630ab5a46922ab72fb79c5ad4f4,PKHeX.Core/Resources/text/other/ja/text_Abilities_ja.txt,PKHeX.Core/Resources/text/other/ko/text_Abilities_ko.txt,PKHeX.Core/Resources/text/other/en/text_Abilities_en.txt
79,とうそうしん,투쟁심,Rivalry,kwsch/PKHeX,8ad201e80244f630ab5a46922ab72fb79c5ad4f4,PKHeX.Core/Resources/text/other/ja/text_Abilities_ja.txt,PKHeX.Core/Resources/text/other/ko/text_Abilities_ko.txt,PKHeX.Core/Resources/text/other/en/text_Abilities_en.txt
80,ふくつのこころ,불굴의마음,Steadfast,kwsch/PKHeX,8ad201e80244f630ab5a46922ab72fb79c5ad4f4,PKHeX.Core/Resources/text/other/ja/text_Abilities_ja.txt,PKHeX.Core/Resources/text/other/ko/text_Abilities_ko.txt,PKHeX.Core/Resources/text/other/en/text_Abilities_en.txt
81,ゆきがくれ,눈숨기,Snow Cloak,kwsch/PKHeX,8ad201e80244f630ab5a46922ab72fb79c5ad4f4,PKHeX.Core/Resources/text/other/ja/text_Abilities_ja.txt,PKHeX.Core/Resources/text/other/ko/text_Abilities_ko.txt,PKHeX.Core/Resources/text/other/en/text_Abilities_en.txt
82,くいしんぼう,먹보,Gluttony,kwsch/PKHeX,8ad201e80244f630ab5a46922ab72fb79c5ad4f4,PKHeX.Core/Resources/text/other/ja/text_Abilities_ja.txt,PKHeX.Core/Resources/text/other/ko/text_Abilities_ko.txt,PKHeX.Core/Resources/text/other/en/text_Abilities_en.txt
83,いかりのつぼ,분노의경혈,Anger Point,kwsch/PKHeX,8ad201e80244f630ab5a46922ab72fb79c5ad4f4,PKHeX.Core/Resources/text/other/ja/text_Abilities_ja.txt,PKHeX.Core/Resources/text/other/ko/text_Abilities_ko.txt,PKHeX.Core/Resources/text/other/en/text_Abilities_en.txt
84,かるわざ,곡예,Unburden,kwsch/PKHeX,8ad201e80244f630ab5a46922ab72fb79c5ad4f4,PKHeX.Core/Resources/text/other/ja/text_Abilities_ja.txt,PKHeX.Core/Resources/text/other/ko/text_Abilities_ko.txt,PKHeX.Core/Resources/text/other/en/text_Abilities_en.txt
85,たいねつ,내열,Heatproof,kwsch/PKHeX,8ad201e80244f630ab5a46922ab72fb79c5ad4f4,PKHeX.Core/Resources/text/other/ja/text_Abilities_ja.txt,PKHeX.Core/Resources/text/other/ko/text_Abilities_ko.txt,PKHeX.Core/Resources/text/other/en/text_Abilities_en.txt
86,たんじゅん,단순,Simple,kwsch/PKHeX,8ad201e80244f630ab5a46922ab72fb79c5ad4f4,PKHeX.Core/Resources/text/other/ja/text_Abilities_ja.txt,PKHeX.Core/Resources/text/other/ko/text_Abilities_ko.txt,PKHeX.Core/Resources/text/other/en/text_Abilities_en.txt
87,かんそうはだ,건조피부,Dry Skin,kwsch/PKHeX,8ad201e80244f630ab5a46922ab72fb79c5ad4f4,PKHeX.Core/Resources/text/other/ja/text_Abilities_ja.txt,PKHeX.Core/Resources/text/other/ko/text_Abilities_ko.txt,PKHeX.Core/Resources/text/other/en/text_Abilities_en.txt
88,ダウンロード,다운로드,Download,kwsch/PKHeX,8ad201e80244f630ab5a46922ab72fb79c5ad4f4,PKHeX.Core/Resources/text/other/ja/text_Abilities_ja.txt,PKHeX.Core/Resources/text/other/ko/text_Abilities_ko.txt,PKHeX.Core/Resources/text/other/en/text_Abilities_en.txt
89,てつのこぶし,철주먹,Iron Fist,kwsch/PKHeX,8ad201e80244f630ab5a46922ab72fb79c5ad4f4,PKHeX.Core/Resources/text/other/ja/text_Abilities_ja.txt,PKHeX.Core/Resources/text/other/ko/text_Abilities_ko.txt,PKHeX.Core/Resources/text/other/en/text_Abilities_en.txt
90,ポイズンヒール,포이즌힐,Poison Heal,kwsch/PKHeX,8ad201e80244f630ab5a46922ab72fb79c5ad4f4,PKHeX.Core/Resources/text/other/ja/text_Abilities_ja.txt,PKHeX.Core/Resources/text/other/ko/text_Abilities_ko.txt,PKHeX.Core/Resources/text/other/en/text_Abilities_en.txt
91,てきおうりょく,적응력,Adaptability,kwsch/PKHeX,8ad201e80244f630ab5a46922ab72fb79c5ad4f4,PKHeX.Core/Resources/text/other/ja/text_Abilities_ja.txt,PKHeX.Core/Resources/text/other/ko/text_Abilities_ko.txt,PKHeX.Core/Resources/text/other/en/text_Abilities_en.txt
92,スキルリンク,스킬링크,Skill Link,kwsch/PKHeX,8ad201e80244f630ab5a46922ab72fb79c5ad4f4,PKHeX.Core/Resources/text/other/ja/text_Abilities_ja.txt,PKHeX.Core/Resources/text/other/ko/text_Abilities_ko.txt,PKHeX.Core/Resources/text/other/en/text_Abilities_en.txt
93,うるおいボディ,촉촉바디,Hydration,kwsch/PKHeX,8ad201e80244f630ab5a46922ab72fb79c5ad4f4,PKHeX.Core/Resources/text/other/ja/text_Abilities_ja.txt,PKHeX.Core/Resources/text/other/ko/text_Abilities_ko.txt,PKHeX.Core/Resources/text/other/en/text_Abilities_en.txt
94,サンパワー,선파워,Solar Power,kwsch/PKHeX,8ad201e80244f630ab5a46922ab72fb79c5ad4f4,PKHeX.Core/Resources/text/other/ja/text_Abilities_ja.txt,PKHeX.Core/Resources/text/other/ko/text_Abilities_ko.txt,PKHeX.Core/Resources/text/other/en/text_Abilities_en.txt
95,はやあし,속보,Quick Feet,kwsch/PKHeX,8ad201e80244f630ab5a46922ab72fb79c5ad4f4,PKHeX.Core/Resources/text/other/ja/text_Abilities_ja.txt,PKHeX.Core/Resources/text/other/ko/text_Abilities_ko.txt,PKHeX.Core/Resources/text/other/en/text_Abilities_en.txt
96,ノーマルスキン,노말스킨,Normalize,kwsch/PKHeX,8ad201e80244f630ab5a46922ab72fb79c5ad4f4,PKHeX.Core/Resources/text/other/ja/text_Abilities_ja.txt,PKHeX.Core/Resources/text/other/ko/text_Abilities_ko.txt,PKHeX.Core/Resources/text/other/en/text_Abilities_en.txt
97,スナイパー,스나이퍼,Sniper,kwsch/PKHeX,8ad201e80244f630ab5a46922ab72fb79c5ad4f4,PKHeX.Core/Resources/text/other/ja/text_Abilities_ja.txt,PKHeX.Core/Resources/text/other/ko/text_Abilities_ko.txt,PKHeX.Core/Resources/text/other/en/text_Abilities_en.txt
98,マジックガード,매직가드,Magic Guard,kwsch/PKHeX,8ad201e80244f630ab5a46922ab72fb79c5ad4f4,PKHeX.Core/Resources/text/other/ja/text_Abilities_ja.txt,PKHeX.Core/Resources/text/other/ko/text_Abilities_ko.txt,PKHeX.Core/Resources/text/other/en/text_Abilities_en.txt
99,ノーガード,노가드,No Guard,kwsch/PKHeX,8ad201e80244f630ab5a46922ab72fb79c5ad4f4,PKHeX.Core/Resources/text/other/ja/text_Abilities_ja.txt,PKHeX.Core/Resources/text/other/ko/text_Abilities_ko.txt,PKHeX.Core/Resources/text/other/en/text_Abilities_en.txt
100,あとだし,시간벌기,Stall,kwsch/PKHeX,8ad201e80244f630ab5a46922ab72fb79c5ad4f4,PKHeX.Core/Resources/text/other/ja/text_Abilities_ja.txt,PKHeX.Core/Resources/text/other/ko/text_Abilities_ko.txt,PKHeX.Core/Resources/text/other/en/text_Abilities_en.txt
101,テクニシャン,테크니션,Technician,kwsch/PKHeX,8ad201e80244f630ab5a46922ab72fb79c5ad4f4,PKHeX.Core/Resources/text/other/ja/text_Abilities_ja.txt,PKHeX.Core/Resources/text/other/ko/text_Abilities_ko.txt,PKHeX.Core/Resources/text/other/en/text_Abilities_en.txt
102,リーフガード,리프가드,Leaf Guard,kwsch/PKHeX,8ad201e80244f630ab5a46922ab72fb79c5ad4f4,PKHeX.Core/Resources/text/other/ja/text_Abilities_ja.txt,PKHeX.Core/Resources/text/other/ko/text_Abilities_ko.txt,PKHeX.Core/Resources/text/other/en/text_Abilities_en.txt
103,ぶきよう,서투름,Klutz,kwsch/PKHeX,8ad201e80244f630ab5a46922ab72fb79c5ad4f4,PKHeX.Core/Resources/text/other/ja/text_Abilities_ja.txt,PKHeX.Core/Resources/text/other/ko/text_Abilities_ko.txt,PKHeX.Core/Resources/text/other/en/text_Abilities_en.txt
104,かたやぶり,틀깨기,Mold Breaker,kwsch/PKHeX,8ad201e80244f630ab5a46922ab72fb79c5ad4f4,PKHeX.Core/Resources/text/other/ja/text_Abilities_ja.txt,PKHeX.Core/Resources/text/other/ko/text_Abilities_ko.txt,PKHeX.Core/Resources/text/other/en/text_Abilities_en.txt
105,きょううん,대운,Super Luck,kwsch/PKHeX,8ad201e80244f630ab5a46922ab72fb79c5ad4f4,PKHeX.Core/Resources/text/other/ja/text_Abilities_ja.txt,PKHeX.Core/Resources/text/other/ko/text_Abilities_ko.txt,PKHeX.Core/Resources/text/other/en/text_Abilities_en.txt
106,ゆうばく,유폭,Aftermath,kwsch/PKHeX,8ad201e80244f630ab5a46922ab72fb79c5ad4f4,PKHeX.Core/Resources/text/other/ja/text_Abilities_ja.txt,PKHeX.Core/Resources/text/other/ko/text_Abilities_ko.txt,PKHeX.Core/Resources/text/other/en/text_Abilities_en.txt
107,きけんよち,위험예지,Anticipation,kwsch/PKHeX,8ad201e80244f630ab5a46922ab72fb79c5ad4f4,PKHeX.Core/Resources/text/other/ja/text_Abilities_ja.txt,PKHeX.Core/Resources/text/other/ko/text_Abilities_ko.txt,PKHeX.Core/Resources/text/other/en/text_Abilities_en.txt
108,よちむ,예지몽,Forewarn,kwsch/PKHeX,8ad201e80244f630ab5a46922ab72fb79c5ad4f4,PKHeX.Core/Resources/text/other/ja/text_Abilities_ja.txt,PKHeX.Core/Resources/text/other/ko/text_Abilities_ko.txt,PKHeX.Core/Resources/text/other/en/text_Abilities_en.txt
109,てんねん,천진,Unaware,kwsch/PKHeX,8ad201e80244f630ab5a46922ab72fb79c5ad4f4,PKHeX.Core/Resources/text/other/ja/text_Abilities_ja.txt,PKHeX.Core/Resources/text/other/ko/text_Abilities_ko.txt,PKHeX.Core/Resources/text/other/en/text_Abilities_en.txt
110,いろめがね,색안경,Tinted Lens,kwsch/PKHeX,8ad201e80244f630ab5a46922ab72fb79c5ad4f4,PKHeX.Core/Resources/text/other/ja/text_Abilities_ja.txt,PKHeX.Core/Resources/text/other/ko/text_Abilities_ko.txt,PKHeX.Core/Resources/text/other/en/text_Abilities_en.txt
111,フィルター,필터,Filter,kwsch/PKHeX,8ad201e80244f630ab5a46922ab72fb79c5ad4f4,PKHeX.Core/Resources/text/other/ja/text_Abilities_ja.txt,PKHeX.Core/Resources/text/other/ko/text_Abilities_ko.txt,PKHeX.Core/Resources/text/other/en/text_Abilities_en.txt
112,スロースタート,슬로스타트,Slow Start,kwsch/PKHeX,8ad201e80244f630ab5a46922ab72fb79c5ad4f4,PKHeX.Core/Resources/text/other/ja/text_Abilities_ja.txt,PKHeX.Core/Resources/text/other/ko/text_Abilities_ko.txt,PKHeX.Core/Resources/text/other/en/text_Abilities_en.txt
113,きもったま,배짱,Scrappy,kwsch/PKHeX,8ad201e80244f630ab5a46922ab72fb79c5ad4f4,PKHeX.Core/Resources/text/other/ja/text_Abilities_ja.txt,PKHeX.Core/Resources/text/other/ko/text_Abilities_ko.txt,PKHeX.Core/Resources/text/other/en/text_Abilities_en.txt
114,よびみず,마중물,Storm Drain,kwsch/PKHeX,8ad201e80244f630ab5a46922ab72fb79c5ad4f4,PKHeX.Core/Resources/text/other/ja/text_Abilities_ja.txt,PKHeX.Core/Resources/text/other/ko/text_Abilities_ko.txt,PKHeX.Core/Resources/text/other/en/text_Abilities_en.txt
115,アイスボディ,아이스바디,Ice Body,kwsch/PKHeX,8ad201e80244f630ab5a46922ab72fb79c5ad4f4,PKHeX.Core/Resources/text/other/ja/text_Abilities_ja.txt,PKHeX.Core/Resources/text/other/ko/text_Abilities_ko.txt,PKHeX.Core/Resources/text/other/en/text_Abilities_en.txt
116,ハードロック,하드록,Solid Rock,kwsch/PKHeX,8ad201e80244f630ab5a46922ab72fb79c5ad4f4,PKHeX.Core/Resources/text/other/ja/text_Abilities_ja.txt,PKHeX.Core/Resources/text/other/ko/text_Abilities_ko.txt,PKHeX.Core/Resources/text/other/en/text_Abilities_en.txt
117,ゆきふらし,눈퍼뜨리기,Snow Warning,kwsch/PKHeX,8ad201e80244f630ab5a46922ab72fb79c5ad4f4,PKHeX.Core/Resources/text/other/ja/text_Abilities_ja.txt,PKHeX.Core/Resources/text/other/ko/text_Abilities_ko.txt,PKHeX.Core/Resources/text/other/en/text_Abilities_en.txt
118,みつあつめ,꿀모으기,Honey Gather,kwsch/PKHeX,8ad201e80244f630ab5a46922ab72fb79c5ad4f4,PKHeX.Core/Resources/text/other/ja/text_Abilities_ja.txt,PKHeX.Core/Resources/text/other/ko/text_Abilities_ko.txt,PKHeX.Core/Resources/text/other/en/text_Abilities_en.txt
119,おみとおし,통찰,Frisk,kwsch/PKHeX,8ad201e80244f630ab5a46922ab72fb79c5ad4f4,PKHeX.Core/Resources/text/other/ja/text_Abilities_ja.txt,PKHeX.Core/Resources/text/other/ko/text_Abilities_ko.txt,PKHeX.Core/Resources/text/other/en/text_Abilities_en.txt
120,すてみ,이판사판,Reckless,kwsch/PKHeX,8ad201e80244f630ab5a46922ab72fb79c5ad4f4,PKHeX.Core/Resources/text/other/ja/text_Abilities_ja.txt,PKHeX.Core/Resources/text/other/ko/text_Abilities_ko.txt,PKHeX.Core/Resources/text/other/en/text_Abilities_en.txt
121,マルチタイプ,멀티타입,Multitype,kwsch/PKHeX,8ad201e80244f630ab5a46922ab72fb79c5ad4f4,PKHeX.Core/Resources/text/other/ja/text_Abilities_ja.txt,PKHeX.Core/Resources/text/other/ko/text_Abilities_ko.txt,PKHeX.Core/Resources/text/other/en/text_Abilities_en.txt
122,フラワーギフト,플라워기프트,Flower Gift,kwsch/PKHeX,8ad201e80244f630ab5a46922ab72fb79c5ad4f4,PKHeX.Core/Resources/text/other/ja/text_Abilities_ja.txt,PKHeX.Core/Resources/text/other/ko/text_Abilities_ko.txt,PKHeX.Core/Resources/text/other/en/text_Abilities_en.txt
123,ナイトメア,나이트메어,Bad Dreams,kwsch/PKHeX,8ad201e80244f630ab5a46922ab72fb79c5ad4f4,PKHeX.Core/Resources/text/other/ja/text_Abilities_ja.txt,PKHeX.Core/Resources/text/other/ko/text_Abilities_ko.txt,PKHeX.Core/Resources/text/other/en/text_Abilities_en.txt
124,わるいてぐせ,나쁜손버릇,Pickpocket,kwsch/PKHeX,8ad201e80244f630ab5a46922ab72fb79c5ad4f4,PKHeX.Core/Resources/text/other/ja/text_Abilities_ja.txt,PKHeX.Core/Resources/text/other/ko/text_Abilities_ko.txt,PKHeX.Core/Resources/text/other/en/text_Abilities_en.txt
125,ちからずく,우격다짐,Sheer Force,kwsch/PKHeX,8ad201e80244f630ab5a46922ab72fb79c5ad4f4,PKHeX.Core/Resources/text/other/ja/text_Abilities_ja.txt,PKHeX.Core/Resources/text/other/ko/text_Abilities_ko.txt,PKHeX.Core/Resources/text/other/en/text_Abilities_en.txt
126,あまのじゃく,심술꾸러기,Contrary,kwsch/PKHeX,8ad201e80244f630ab5a46922ab72fb79c5ad4f4,PKHeX.Core/Resources/text/other/ja/text_Abilities_ja.txt,PKHeX.Core/Resources/text/other/ko/text_Abilities_ko.txt,PKHeX.Core/Resources/text/other/en/text_Abilities_en.txt
127,きんちょうかん,긴장감,Unnerve,kwsch/PKHeX,8ad201e80244f630ab5a46922ab72fb79c5ad4f4,PKHeX.Core/Resources/text/other/ja/text_Abilities_ja.txt,PKHeX.Core/Resources/text/other/ko/text_Abilities_ko.txt,PKHeX.Core/Resources/text/other/en/text_Abilities_en.txt
128,まけんき,오기,Defiant,kwsch/PKHeX,8ad201e80244f630ab5a46922ab72fb79c5ad4f4,PKHeX.Core/Resources/text/other/ja/text_Abilities_ja.txt,PKHeX.Core/Resources/text/other/ko/text_Abilities_ko.txt,PKHeX.Core/Resources/text/other/en/text_Abilities_en.txt
129,よわき,무기력,Defeatist,kwsch/PKHeX,8ad201e80244f630ab5a46922ab72fb79c5ad4f4,PKHeX.Core/Resources/text/other/ja/text_Abilities_ja.txt,PKHeX.Core/Resources/text/other/ko/text_Abilities_ko.txt,PKHeX.Core/Resources/text/other/en/text_Abilities_en.txt
130,のろわれボディ,저주받은바디,Cursed Body,kwsch/PKHeX,8ad201e80244f630ab5a46922ab72fb79c5ad4f4,PKHeX.Core/Resources/text/other/ja/text_Abilities_ja.txt,PKHeX.Core/Resources/text/other/ko/text_Abilities_ko.txt,PKHeX.Core/Resources/text/other/en/text_Abilities_en.txt
131,いやしのこころ,치유의마음,Healer,kwsch/PKHeX,8ad201e80244f630ab5a46922ab72fb79c5ad4f4,PKHeX.Core/Resources/text/other/ja/text_Abilities_ja.txt,PKHeX.Core/Resources/text/other/ko/text_Abilities_ko.txt,PKHeX.Core/Resources/text/other/en/text_Abilities_en.txt
132,フレンドガード,프렌드가드,Friend Guard,kwsch/PKHeX,8ad201e80244f630ab5a46922ab72fb79c5ad4f4,PKHeX.Core/Resources/text/other/ja/text_Abilities_ja.txt,PKHeX.Core/Resources/text/other/ko/text_Abilities_ko.txt,PKHeX.Core/Resources/text/other/en/text_Abilities_en.txt
133,くだけるよろい,깨어진갑옷,Weak Armor,kwsch/PKHeX,8ad201e80244f630ab5a46922ab72fb79c5ad4f4,PKHeX.Core/Resources/text/other/ja/text_Abilities_ja.txt,PKHeX.Core/Resources/text/other/ko/text_Abilities_ko.txt,PKHeX.Core/Resources/text/other/en/text_Abilities_en.txt
134,ヘヴィメタル,헤비메탈,Heavy Metal,kwsch/PKHeX,8ad201e80244f630ab5a46922ab72fb79c5ad4f4,PKHeX.Core/Resources/text/other/ja/text_Abilities_ja.txt,PKHeX.Core/Resources/text/other/ko/text_Abilities_ko.txt,PKHeX.Core/Resources/text/other/en/text_Abilities_en.txt
135,ライトメタル,라이트메탈,Light Metal,kwsch/PKHeX,8ad201e80244f630ab5a46922ab72fb79c5ad4f4,PKHeX.Core/Resources/text/other/ja/text_Abilities_ja.txt,PKHeX.Core/Resources/text/other/ko/text_Abilities_ko.txt,PKHeX.Core/Resources/text/other/en/text_Abilities_en.txt
136,マルチスケイル,멀티스케일,Multiscale,kwsch/PKHeX,8ad201e80244f630ab5a46922ab72fb79c5ad4f4,PKHeX.Core/Resources/text/other/ja/text_Abilities_ja.txt,PKHeX.Core/Resources/text/other/ko/text_Abilities_ko.txt,PKHeX.Core/Resources/text/other/en/text_Abilities_en.txt
137,どくぼうそう,독폭주,Toxic Boost,kwsch/PKHeX,8ad201e80244f630ab5a46922ab72fb79c5ad4f4,PKHeX.Core/Resources/text/other/ja/text_Abilities_ja.txt,PKHeX.Core/Resources/text/other/ko/text_Abilities_ko.txt,PKHeX.Core/Resources/text/other/en/text_Abilities_en.txt
138,ねつぼうそう,열폭주,Flare Boost,kwsch/PKHeX,8ad201e80244f630ab5a46922ab72fb79c5ad4f4,PKHeX.Core/Resources/text/other/ja/text_Abilities_ja.txt,PKHeX.Core/Resources/text/other/ko/text_Abilities_ko.txt,PKHeX.Core/Resources/text/other/en/text_Abilities_en.txt
139,しゅうかく,수확,Harvest,kwsch/PKHeX,8ad201e80244f630ab5a46922ab72fb79c5ad4f4,PKHeX.Core/Resources/text/other/ja/text_Abilities_ja.txt,PKHeX.Core/Resources/text/other/ko/text_Abilities_ko.txt,PKHeX.Core/Resources/text/other/en/text_Abilities_en.txt
140,テレパシー,텔레파시,Telepathy,kwsch/PKHeX,8ad201e80244f630ab5a46922ab72fb79c5ad4f4,PKHeX.Core/Resources/text/other/ja/text_Abilities_ja.txt,PKHeX.Core/Resources/text/other/ko/text_Abilities_ko.txt,PKHeX.Core/Resources/text/other/en/text_Abilities_en.txt
141,ムラっけ,변덕쟁이,Moody,kwsch/PKHeX,8ad201e80244f630ab5a46922ab72fb79c5ad4f4,PKHeX.Core/Resources/text/other/ja/text_Abilities_ja.txt,PKHeX.Core/Resources/text/other/ko/text_Abilities_ko.txt,PKHeX.Core/Resources/text/other/en/text_Abilities_en.txt
142,ぼうじん,방진,Overcoat,kwsch/PKHeX,8ad201e80244f630ab5a46922ab72fb79c5ad4f4,PKHeX.Core/Resources/text/other/ja/text_Abilities_ja.txt,PKHeX.Core/Resources/text/other/ko/text_Abilities_ko.txt,PKHeX.Core/Resources/text/other/en/text_Abilities_en.txt
143,どくしゅ,독수,Poison Touch,kwsch/PKHeX,8ad201e80244f630ab5a46922ab72fb79c5ad4f4,PKHeX.Core/Resources/text/other/ja/text_Abilities_ja.txt,PKHeX.Core/Resources/text/other/ko/text_Abilities_ko.txt,PKHeX.Core/Resources/text/other/en/text_Abilities_en.txt
144,さいせいりょく,재생력,Regenerator,kwsch/PKHeX,8ad201e80244f630ab5a46922ab72fb79c5ad4f4,PKHeX.Core/Resources/text/other/ja/text_Abilities_ja.txt,PKHeX.Core/Resources/text/other/ko/text_Abilities_ko.txt,PKHeX.Core/Resources/text/other/en/text_Abilities_en.txt
145,はとむね,부풀린가슴,Big Pecks,kwsch/PKHeX,8ad201e80244f630ab5a46922ab72fb79c5ad4f4,PKHeX.Core/Resources/text/other/ja/text_Abilities_ja.txt,PKHeX.Core/Resources/text/other/ko/text_Abilities_ko.txt,PKHeX.Core/Resources/text/other/en/text_Abilities_en.txt
146,すなかき,모래헤치기,Sand Rush,kwsch/PKHeX,8ad201e80244f630ab5a46922ab72fb79c5ad4f4,PKHeX.Core/Resources/text/other/ja/text_Abilities_ja.txt,PKHeX.Core/Resources/text/other/ko/text_Abilities_ko.txt,PKHeX.Core/Resources/text/other/en/text_Abilities_en.txt
147,ミラクルスキン,미라클스킨,Wonder Skin,kwsch/PKHeX,8ad201e80244f630ab5a46922ab72fb79c5ad4f4,PKHeX.Core/Resources/text/other/ja/text_Abilities_ja.txt,PKHeX.Core/Resources/text/other/ko/text_Abilities_ko.txt,PKHeX.Core/Resources/text/other/en/text_Abilities_en.txt
148,アナライズ,애널라이즈,Analytic,kwsch/PKHeX,8ad201e80244f630ab5a46922ab72fb79c5ad4f4,PKHeX.Core/Resources/text/other/ja/text_Abilities_ja.txt,PKHeX.Core/Resources/text/other/ko/text_Abilities_ko.txt,PKHeX.Core/Resources/text/other/en/text_Abilities_en.txt
149,イリュージョン,일루전,Illusion,kwsch/PKHeX,8ad201e80244f630ab5a46922ab72fb79c5ad4f4,PKHeX.Core/Resources/text/other/ja/text_Abilities_ja.txt,PKHeX.Core/Resources/text/other/ko/text_Abilities_ko.txt,PKHeX.Core/Resources/text/other/en/text_Abilities_en.txt
150,かわりもの,괴짜,Imposter,kwsch/PKHeX,8ad201e80244f630ab5a46922ab72fb79c5ad4f4,PKHeX.Core/Resources/text/other/ja/text_Abilities_ja.txt,PKHeX.Core/Resources/text/other/ko/text_Abilities_ko.txt,PKHeX.Core/Resources/text/other/en/text_Abilities_en.txt
151,すりぬけ,틈새포착,Infiltrator,kwsch/PKHeX,8ad201e80244f630ab5a46922ab72fb79c5ad4f4,PKHeX.Core/Resources/text/other/ja/text_Abilities_ja.txt,PKHeX.Core/Resources/text/other/ko/text_Abilities_ko.txt,PKHeX.Core/Resources/text/other/en/text_Abilities_en.txt
152,ミイラ,미라,Mummy,kwsch/PKHeX,8ad201e80244f630ab5a46922ab72fb79c5ad4f4,PKHeX.Core/Resources/text/other/ja/text_Abilities_ja.txt,PKHeX.Core/Resources/text/other/ko/text_Abilities_ko.txt,PKHeX.Core/Resources/text/other/en/text_Abilities_en.txt
153,じしんかじょう,자기과신,Moxie,kwsch/PKHeX,8ad201e80244f630ab5a46922ab72fb79c5ad4f4,PKHeX.Core/Resources/text/other/ja/text_Abilities_ja.txt,PKHeX.Core/Resources/text/other/ko/text_Abilities_ko.txt,PKHeX.Core/Resources/text/other/en/text_Abilities_en.txt
154,せいぎのこころ,정의의마음,Justified,kwsch/PKHeX,8ad201e80244f630ab5a46922ab72fb79c5ad4f4,PKHeX.Core/Resources/text/other/ja/text_Abilities_ja.txt,PKHeX.Core/Resources/text/other/ko/text_Abilities_ko.txt,PKHeX.Core/Resources/text/other/en/text_Abilities_en.txt
155,びびり,주눅,Rattled,kwsch/PKHeX,8ad201e80244f630ab5a46922ab72fb79c5ad4f4,PKHeX.Core/Resources/text/other/ja/text_Abilities_ja.txt,PKHeX.Core/Resources/text/other/ko/text_Abilities_ko.txt,PKHeX.Core/Resources/text/other/en/text_Abilities_en.txt
156,マジックミラー,매직미러,Magic Bounce,kwsch/PKHeX,8ad201e80244f630ab5a46922ab72fb79c5ad4f4,PKHeX.Core/Resources/text/other/ja/text_Abilities_ja.txt,PKHeX.Core/Resources/text/other/ko/text_Abilities_ko.txt,PKHeX.Core/Resources/text/other/en/text_Abilities_en.txt
157,そうしょく,초식,Sap Sipper,kwsch/PKHeX,8ad201e80244f630ab5a46922ab72fb79c5ad4f4,PKHeX.Core/Resources/text/other/ja/text_Abilities_ja.txt,PKHeX.Core/Resources/text/other/ko/text_Abilities_ko.txt,PKHeX.Core/Resources/text/other/en/text_Abilities_en.txt
158,いたずらごころ,짓궂은마음,Prankster,kwsch/PKHeX,8ad201e80244f630ab5a46922ab72fb79c5ad4f4,PKHeX.Core/Resources/text/other/ja/text_Abilities_ja.txt,PKHeX.Core/Resources/text/other/ko/text_Abilities_ko.txt,PKHeX.Core/Resources/text/other/en/text_Abilities_en.txt
159,すなのちから,모래의힘,Sand Force,kwsch/PKHeX,8ad201e80244f630ab5a46922ab72fb79c5ad4f4,PKHeX.Core/Resources/text/other/ja/text_Abilities_ja.txt,PKHeX.Core/Resources/text/other/ko/text_Abilities_ko.txt,PKHeX.Core/Resources/text/other/en/text_Abilities_en.txt
160,てつのトゲ,철가시,Iron Barbs,kwsch/PKHeX,8ad201e80244f630ab5a46922ab72fb79c5ad4f4,PKHeX.Core/Resources/text/other/ja/text_Abilities_ja.txt,PKHeX.Core/Resources/text/other/ko/text_Abilities_ko.txt,PKHeX.Core/Resources/text/other/en/text_Abilities_en.txt
161,ダルマモード,달마모드,Zen Mode,kwsch/PKHeX,8ad201e80244f630ab5a46922ab72fb79c5ad4f4,PKHeX.Core/Resources/text/other/ja/text_Abilities_ja.txt,PKHeX.Core/Resources/text/other/ko/text_Abilities_ko.txt,PKHeX.Core/Resources/text/other/en/text_Abilities_en.txt
162,しょうりのほし,승리의별,Victory Star,kwsch/PKHeX,8ad201e80244f630ab5a46922ab72fb79c5ad4f4,PKHeX.Core/Resources/text/other/ja/text_Abilities_ja.txt,PKHeX.Core/Resources/text/other/ko/text_Abilities_ko.txt,PKHeX.Core/Resources/text/other/en/text_Abilities_en.txt
163,ターボブレイズ,터보블레이즈,Turboblaze,kwsch/PKHeX,8ad201e80244f630ab5a46922ab72fb79c5ad4f4,PKHeX.Core/Resources/text/other/ja/text_Abilities_ja.txt,PKHeX.Core/Resources/text/other/ko/text_Abilities_ko.txt,PKHeX.Core/Resources/text/other/en/text_Abilities_en.txt
164,テラボルテージ,테라볼티지,Teravolt,kwsch/PKHeX,8ad201e80244f630ab5a46922ab72fb79c5ad4f4,PKHeX.Core/Resources/text/other/ja/text_Abilities_ja.txt,PKHeX.Core/Resources/text/other/ko/text_Abilities_ko.txt,PKHeX.Core/Resources/text/other/en/text_Abilities_en.txt
165,アロマベール,아로마베일,Aroma Veil,kwsch/PKHeX,8ad201e80244f630ab5a46922ab72fb79c5ad4f4,PKHeX.Core/Resources/text/other/ja/text_Abilities_ja.txt,PKHeX.Core/Resources/text/other/ko/text_Abilities_ko.txt,PKHeX.Core/Resources/text/other/en/text_Abilities_en.txt
166,フラワーベール,플라워베일,Flower Veil,kwsch/PKHeX,8ad201e80244f630ab5a46922ab72fb79c5ad4f4,PKHeX.Core/Resources/text/other/ja/text_Abilities_ja.txt,PKHeX.Core/Resources/text/other/ko/text_Abilities_ko.txt,PKHeX.Core/Resources/text/other/en/text_Abilities_en.txt
167,ほおぶくろ,볼주머니,Cheek Pouch,kwsch/PKHeX,8ad201e80244f630ab5a46922ab72fb79c5ad4f4,PKHeX.Core/Resources/text/other/ja/text_Abilities_ja.txt,PKHeX.Core/Resources/text/other/ko/text_Abilities_ko.txt,PKHeX.Core/Resources/text/other/en/text_Abilities_en.txt
168,へんげんじざい,변환자재,Protean,kwsch/PKHeX,8ad201e80244f630ab5a46922ab72fb79c5ad4f4,PKHeX.Core/Resources/text/other/ja/text_Abilities_ja.txt,PKHeX.Core/Resources/text/other/ko/text_Abilities_ko.txt,PKHeX.Core/Resources/text/other/en/text_Abilities_en.txt
169,ファーコート,퍼코트,Fur Coat,kwsch/PKHeX,8ad201e80244f630ab5a46922ab72fb79c5ad4f4,PKHeX.Core/Resources/text/other/ja/text_Abilities_ja.txt,PKHeX.Core/Resources/text/other/ko/text_Abilities_ko.txt,PKHeX.Core/Resources/text/other/en/text_Abilities_en.txt
170,マジシャン,매지션,Magician,kwsch/PKHeX,8ad201e80244f630ab5a46922ab72fb79c5ad4f4,PKHeX.Core/Resources/text/other/ja/text_Abilities_ja.txt,PKHeX.Core/Resources/text/other/ko/text_Abilities_ko.txt,PKHeX.Core/Resources/text/other/en/text_Abilities_en.txt
171,ぼうだん,방탄,Bulletproof,kwsch/PKHeX,8ad201e80244f630ab5a46922ab72fb79c5ad4f4,PKHeX.Core/Resources/text/other/ja/text_Abilities_ja.txt,PKHeX.Core/Resources/text/other/ko/text_Abilities_ko.txt,PKHeX.Core/Resources/text/other/en/text_Abilities_en.txt
172,かちき,승기,Competitive,kwsch/PKHeX,8ad201e80244f630ab5a46922ab72fb79c5ad4f4,PKHeX.Core/Resources/text/other/ja/text_Abilities_ja.txt,PKHeX.Core/Resources/text/other/ko/text_Abilities_ko.txt,PKHeX.Core/Resources/text/other/en/text_Abilities_en.txt
173,がんじょうあご,옹골찬턱,Strong Jaw,kwsch/PKHeX,8ad201e80244f630ab5a46922ab72fb79c5ad4f4,PKHeX.Core/Resources/text/other/ja/text_Abilities_ja.txt,PKHeX.Core/Resources/text/other/ko/text_Abilities_ko.txt,PKHeX.Core/Resources/text/other/en/text_Abilities_en.txt
174,フリーズスキン,프리즈스킨,Refrigerate,kwsch/PKHeX,8ad201e80244f630ab5a46922ab72fb79c5ad4f4,PKHeX.Core/Resources/text/other/ja/text_Abilities_ja.txt,PKHeX.Core/Resources/text/other/ko/text_Abilities_ko.txt,PKHeX.Core/Resources/text/other/en/text_Abilities_en.txt
175,スイートベール,스위트베일,Sweet Veil,kwsch/PKHeX,8ad201e80244f630ab5a46922ab72fb79c5ad4f4,PKHeX.Core/Resources/text/other/ja/text_Abilities_ja.txt,PKHeX.Core/Resources/text/other/ko/text_Abilities_ko.txt,PKHeX.Core/Resources/text/other/en/text_Abilities_en.txt
176,バトルスイッチ,배틀스위치,Stance Change,kwsch/PKHeX,8ad201e80244f630ab5a46922ab72fb79c5ad4f4,PKHeX.Core/Resources/text/other/ja/text_Abilities_ja.txt,PKHeX.Core/Resources/text/other/ko/text_Abilities_ko.txt,PKHeX.Core/Resources/text/other/en/text_Abilities_en.txt
177,はやてのつばさ,질풍날개,Gale Wings,kwsch/PKHeX,8ad201e80244f630ab5a46922ab72fb79c5ad4f4,PKHeX.Core/Resources/text/other/ja/text_Abilities_ja.txt,PKHeX.Core/Resources/text/other/ko/text_Abilities_ko.txt,PKHeX.Core/Resources/text/other/en/text_Abilities_en.txt
178,メガランチャー,메가런처,Mega Launcher,kwsch/PKHeX,8ad201e80244f630ab5a46922ab72fb79c5ad4f4,PKHeX.Core/Resources/text/other/ja/text_Abilities_ja.txt,PKHeX.Core/Resources/text/other/ko/text_Abilities_ko.txt,PKHeX.Core/Resources/text/other/en/text_Abilities_en.txt
179,くさのけがわ,풀모피,Grass Pelt,kwsch/PKHeX,8ad201e80244f630ab5a46922ab72fb79c5ad4f4,PKHeX.Core/Resources/text/other/ja/text_Abilities_ja.txt,PKHeX.Core/Resources/text/other/ko/text_Abilities_ko.txt,PKHeX.Core/Resources/text/other/en/text_Abilities_en.txt
180,きょうせい,공생,Symbiosis,kwsch/PKHeX,8ad201e80244f630ab5a46922ab72fb79c5ad4f4,PKHeX.Core/Resources/text/other/ja/text_Abilities_ja.txt,PKHeX.Core/Resources/text/other/ko/text_Abilities_ko.txt,PKHeX.Core/Resources/text/other/en/text_Abilities_en.txt
181,かたいツメ,단단한발톱,Tough Claws,kwsch/PKHeX,8ad201e80244f630ab5a46922ab72fb79c5ad4f4,PKHeX.Core/Resources/text/other/ja/text_Abilities_ja.txt,PKHeX.Core/Resources/text/other/ko/text_Abilities_ko.txt,PKHeX.Core/Resources/text/other/en/text_Abilities_en.txt
182,フェアリースキン,페어리스킨,Pixilate,kwsch/PKHeX,8ad201e80244f630ab5a46922ab72fb79c5ad4f4,PKHeX.Core/Resources/text/other/ja/text_Abilities_ja.txt,PKHeX.Core/Resources/text/other/ko/text_Abilities_ko.txt,PKHeX.Core/Resources/text/other/en/text_Abilities_en.txt
183,ぬめぬめ,미끈미끈,Gooey,kwsch/PKHeX,8ad201e80244f630ab5a46922ab72fb79c5ad4f4,PKHeX.Core/Resources/text/other/ja/text_Abilities_ja.txt,PKHeX.Core/Resources/text/other/ko/text_Abilities_ko.txt,PKHeX.Core/Resources/text/other/en/text_Abilities_en.txt
184,スカイスキン,스카이스킨,Aerilate,kwsch/PKHeX,8ad201e80244f630ab5a46922ab72fb79c5ad4f4,PKHeX.Core/Resources/text/other/ja/text_Abilities_ja.txt,PKHeX.Core/Resources/text/other/ko/text_Abilities_ko.txt,PKHeX.Core/Resources/text/other/en/text_Abilities_en.txt
185,おやこあい,부자유친,Parental Bond,kwsch/PKHeX,8ad201e80244f630ab5a46922ab72fb79c5ad4f4,PKHeX.Core/Resources/text/other/ja/text_Abilities_ja.txt,PKHeX.Core/Resources/text/other/ko/text_Abilities_ko.txt,PKHeX.Core/Resources/text/other/en/text_Abilities_en.txt
186,ダークオーラ,다크오라,Dark Aura,kwsch/PKHeX,8ad201e80244f630ab5a46922ab72fb79c5ad4f4,PKHeX.Core/Resources/text/other/ja/text_Abilities_ja.txt,PKHeX.Core/Resources/text/other/ko/text_Abilities_ko.txt,PKHeX.Core/Resources/text/other/en/text_Abilities_en.txt
187,フェアリーオーラ,페어리오라,Fairy Aura,kwsch/PKHeX,8ad201e80244f630ab5a46922ab72fb79c5ad4f4,PKHeX.Core/Resources/text/other/ja/text_Abilities_ja.txt,PKHeX.Core/Resources/text/other/ko/text_Abilities_ko.txt,PKHeX.Core/Resources/text/other/en/text_Abilities_en.txt
188,オーラブレイク,오라브레이크,Aura Break,kwsch/PKHeX,8ad201e80244f630ab5a46922ab72fb79c5ad4f4,PKHeX.Core/Resources/text/other/ja/text_Abilities_ja.txt,PKHeX.Core/Resources/text/other/ko/text_Abilities_ko.txt,PKHeX.Core/Resources/text/other/en/text_Abilities_en.txt
189,はじまりのうみ,시작의바다,Primordial Sea,kwsch/PKHeX,8ad201e80244f630ab5a46922ab72fb79c5ad4f4,PKHeX.Core/Resources/text/other/ja/text_Abilities_ja.txt,PKHeX.Core/Resources/text/other/ko/text_Abilities_ko.txt,PKHeX.Core/Resources/text/other/en/text_Abilities_en.txt
190,おわりのだいち,끝의대지,Desolate Land,kwsch/PKHeX,8ad201e80244f630ab5a46922ab72fb79c5ad4f4,PKHeX.Core/Resources/text/other/ja/text_Abilities_ja.txt,PKHeX.Core/Resources/text/other/ko/text_Abilities_ko.txt,PKHeX.Core/Resources/text/other/en/text_Abilities_en.txt
191,デルタストリーム,델타스트림,Delta Stream,kwsch/PKHeX,8ad201e80244f630ab5a46922ab72fb79c5ad4f4,PKHeX.Core/Resources/text/other/ja/text_Abilities_ja.txt,PKHeX.Core/Resources/text/other/ko/text_Abilities_ko.txt,PKHeX.Core/Resources/text/other/en/text_Abilities_en.txt
192,じきゅうりょく,지구력,Stamina,kwsch/PKHeX,8ad201e80244f630ab5a46922ab72fb79c5ad4f4,PKHeX.Core/Resources/text/other/ja/text_Abilities_ja.txt,PKHeX.Core/Resources/text/other/ko/text_Abilities_ko.txt,PKHeX.Core/Resources/text/other/en/text_Abilities_en.txt
193,にげごし,도망태세,Wimp Out,kwsch/PKHeX,8ad201e80244f630ab5a46922ab72fb79c5ad4f4,PKHeX.Core/Resources/text/other/ja/text_Abilities_ja.txt,PKHeX.Core/Resources/text/other/ko/text_Abilities_ko.txt,PKHeX.Core/Resources/text/other/en/text_Abilities_en.txt
194,ききかいひ,위기회피,Emergency Exit,kwsch/PKHeX,8ad201e80244f630ab5a46922ab72fb79c5ad4f4,PKHeX.Core/Resources/text/other/ja/text_Abilities_ja.txt,PKHeX.Core/Resources/text/other/ko/text_Abilities_ko.txt,PKHeX.Core/Resources/text/other/en/text_Abilities_en.txt
195,みずがため,꾸덕꾸덕굳기,Water Compaction,kwsch/PKHeX,8ad201e80244f630ab5a46922ab72fb79c5ad4f4,PKHeX.Core/Resources/text/other/ja/text_Abilities_ja.txt,PKHeX.Core/Resources/text/other/ko/text_Abilities_ko.txt,PKHeX.Core/Resources/text/other/en/text_Abilities_en.txt
196,ひとでなし,무도한행동,Merciless,kwsch/PKHeX,8ad201e80244f630ab5a46922ab72fb79c5ad4f4,PKHeX.Core/Resources/text/other/ja/text_Abilities_ja.txt,PKHeX.Core/Resources/text/other/ko/text_Abilities_ko.txt,PKHeX.Core/Resources/text/other/en/text_Abilities_en.txt
197,リミットシールド,리밋실드,Shields Down,kwsch/PKHeX,8ad201e80244f630ab5a46922ab72fb79c5ad4f4,PKHeX.Core/Resources/text/other/ja/text_Abilities_ja.txt,PKHeX.Core/Resources/text/other/ko/text_Abilities_ko.txt,PKHeX.Core/Resources/text/other/en/text_Abilities_en.txt
198,はりこみ,잠복,Stakeout,kwsch/PKHeX,8ad201e80244f630ab5a46922ab72fb79c5ad4f4,PKHeX.Core/Resources/text/other/ja/text_Abilities_ja.txt,PKHeX.Core/Resources/text/other/ko/text_Abilities_ko.txt,PKHeX.Core/Resources/text/other/en/text_Abilities_en.txt
199,すいほう,수포,Water Bubble,kwsch/PKHeX,8ad201e80244f630ab5a46922ab72fb79c5ad4f4,PKHeX.Core/Resources/text/other/ja/text_Abilities_ja.txt,PKHeX.Core/Resources/text/other/ko/text_Abilities_ko.txt,PKHeX.Core/Resources/text/other/en/text_Abilities_en.txt
200,はがねつかい,강철술사,Steelworker,kwsch/PKHeX,8ad201e80244f630ab5a46922ab72fb79c5ad4f4,PKHeX.Core/Resources/text/other/ja/text_Abilities_ja.txt,PKHeX.Core/Resources/text/other/ko/text_Abilities_ko.txt,PKHeX.Core/Resources/text/other/en/text_Abilities_en.txt
201,ぎゃくじょう,발끈,Berserk,kwsch/PKHeX,8ad201e80244f630ab5a46922ab72fb79c5ad4f4,PKHeX.Core/Resources/text/other/ja/text_Abilities_ja.txt,PKHeX.Core/Resources/text/other/ko/text_Abilities_ko.txt,PKHeX.Core/Resources/text/other/en/text_Abilities_en.txt
202,ゆきかき,눈치우기,Slush Rush,kwsch/PKHeX,8ad201e80244f630ab5a46922ab72fb79c5ad4f4,PKHeX.Core/Resources/text/other/ja/text_Abilities_ja.txt,PKHeX.Core/Resources/text/other/ko/text_Abilities_ko.txt,PKHeX.Core/Resources/text/other/en/text_Abilities_en.txt
203,えんかく,원격,Long Reach,kwsch/PKHeX,8ad201e80244f630ab5a46922ab72fb79c5ad4f4,PKHeX.Core/Resources/text/other/ja/text_Abilities_ja.txt,PKHeX.Core/Resources/text/other/ko/text_Abilities_ko.txt,PKHeX.Core/Resources/text/other/en/text_Abilities_en.txt
204,うるおいボイス,촉촉보이스,Liquid Voice,kwsch/PKHeX,8ad201e80244f630ab5a46922ab72fb79c5ad4f4,PKHeX.Core/Resources/text/other/ja/text_Abilities_ja.txt,PKHeX.Core/Resources/text/other/ko/text_Abilities_ko.txt,PKHeX.Core/Resources/text/other/en/text_Abilities_en.txt
205,ヒーリングシフト,힐링시프트,Triage,kwsch/PKHeX,8ad201e80244f630ab5a46922ab72fb79c5ad4f4,PKHeX.Core/Resources/text/other/ja/text_Abilities_ja.txt,PKHeX.Core/Resources/text/other/ko/text_Abilities_ko.txt,PKHeX.Core/Resources/text/other/en/text_Abilities_en.txt
206,エレキスキン,일렉트릭스킨,Galvanize,kwsch/PKHeX,8ad201e80244f630ab5a46922ab72fb79c5ad4f4,PKHeX.Core/Resources/text/other/ja/text_Abilities_ja.txt,PKHeX.Core/Resources/text/other/ko/text_Abilities_ko.txt,PKHeX.Core/Resources/text/other/en/text_Abilities_en.txt
207,サーフテール,서핑테일,Surge Surfer,kwsch/PKHeX,8ad201e80244f630ab5a46922ab72fb79c5ad4f4,PKHeX.Core/Resources/text/other/ja/text_Abilities_ja.txt,PKHeX.Core/Resources/text/other/ko/text_Abilities_ko.txt,PKHeX.Core/Resources/text/other/en/text_Abilities_en.txt
208,ぎょぐん,어군,Schooling,kwsch/PKHeX,8ad201e80244f630ab5a46922ab72fb79c5ad4f4,PKHeX.Core/Resources/text/other/ja/text_Abilities_ja.txt,PKHeX.Core/Resources/text/other/ko/text_Abilities_ko.txt,PKHeX.Core/Resources/text/other/en/text_Abilities_en.txt
209,ばけのかわ,탈,Disguise,kwsch/PKHeX,8ad201e80244f630ab5a46922ab72fb79c5ad4f4,PKHeX.Core/Resources/text/other/ja/text_Abilities_ja.txt,PKHeX.Core/Resources/text/other/ko/text_Abilities_ko.txt,PKHeX.Core/Resources/text/other/en/text_Abilities_en.txt
210,きずなへんげ,유대변화,Battle Bond,kwsch/PKHeX,8ad201e80244f630ab5a46922ab72fb79c5ad4f4,PKHeX.Core/Resources/text/other/ja/text_Abilities_ja.txt,PKHeX.Core/Resources/text/other/ko/text_Abilities_ko.txt,PKHeX.Core/Resources/text/other/en/text_Abilities_en.txt
211,スワームチェンジ,스웜체인지,Power Construct,kwsch/PKHeX,8ad201e80244f630ab5a46922ab72fb79c5ad4f4,PKHeX.Core/Resources/text/other/ja/text_Abilities_ja.txt,PKHeX.Core/Resources/text/other/ko/text_Abilities_ko.txt,PKHeX.Core/Resources/text/other/en/text_Abilities_en.txt
212,ふしょく,부식,Corrosion,kwsch/PKHeX,8ad201e80244f630ab5a46922ab72fb79c5ad4f4,PKHeX.Core/Resources/text/other/ja/text_Abilities_ja.txt,PKHeX.Core/Resources/text/other/ko/text_Abilities_ko.txt,PKHeX.Core/Resources/text/other/en/text_Abilities_en.txt
213,ぜったいねむり,절대안깸,Comatose,kwsch/PKHeX,8ad201e80244f630ab5a46922ab72fb79c5ad4f4,PKHeX.Core/Resources/text/other/ja/text_Abilities_ja.txt,PKHeX.Core/Resources/text/other/ko/text_Abilities_ko.txt,PKHeX.Core/Resources/text/other/en/text_Abilities_en.txt
214,じょおうのいげん,여왕의위엄,Queenly Majesty,kwsch/PKHeX,8ad201e80244f630ab5a46922ab72fb79c5ad4f4,PKHeX.Core/Resources/text/other/ja/text_Abilities_ja.txt,PKHeX.Core/Resources/text/other/ko/text_Abilities_ko.txt,PKHeX.Core/Resources/text/other/en/text_Abilities_en.txt
215,とびだすなかみ,내용물분출,Innards Out,kwsch/PKHeX,8ad201e80244f630ab5a46922ab72fb79c5ad4f4,PKHeX.Core/Resources/text/other/ja/text_Abilities_ja.txt,PKHeX.Core/Resources/text/other/ko/text_Abilities_ko.txt,PKHeX.Core/Resources/text/other/en/text_Abilities_en.txt
216,おどりこ,무희,Dancer,kwsch/PKHeX,8ad201e80244f630ab5a46922ab72fb79c5ad4f4,PKHeX.Core/Resources/text/other/ja/text_Abilities_ja.txt,PKHeX.Core/Resources/text/other/ko/text_Abilities_ko.txt,PKHeX.Core/Resources/text/other/en/text_Abilities_en.txt
217,バッテリー,배터리,Battery,kwsch/PKHeX,8ad201e80244f630ab5a46922ab72fb79c5ad4f4,PKHeX.Core/Resources/text/other/ja/text_Abilities_ja.txt,PKHeX.Core/Resources/text/other/ko/text_Abilities_ko.txt,PKHeX.Core/Resources/text/other/en/text_Abilities_en.txt
218,もふもふ,복슬복슬,Fluffy,kwsch/PKHeX,8ad201e80244f630ab5a46922ab72fb79c5ad4f4,PKHeX.Core/Resources/text/other/ja/text_Abilities_ja.txt,PKHeX.Core/Resources/text/other/ko/text_Abilities_ko.txt,PKHeX.Core/Resources/text/other/en/text_Abilities_en.txt
219,ビビッドボディ,비비드바디,Dazzling,kwsch/PKHeX,8ad201e80244f630ab5a46922ab72fb79c5ad4f4,PKHeX.Core/Resources/text/other/ja/text_Abilities_ja.txt,PKHeX.Core/Resources/text/other/ko/text_Abilities_ko.txt,PKHeX.Core/Resources/text/other/en/text_Abilities_en.txt
220,ソウルハート,소울하트,Soul-Heart,kwsch/PKHeX,8ad201e80244f630ab5a46922ab72fb79c5ad4f4,PKHeX.Core/Resources/text/other/ja/text_Abilities_ja.txt,PKHeX.Core/Resources/text/other/ko/text_Abilities_ko.txt,PKHeX.Core/Resources/text/other/en/text_Abilities_en.txt
221,カーリーヘアー,컬리헤어,Tangling Hair,kwsch/PKHeX,8ad201e80244f630ab5a46922ab72fb79c5ad4f4,PKHeX.Core/Resources/text/other/ja/text_Abilities_ja.txt,PKHeX.Core/Resources/text/other/ko/text_Abilities_ko.txt,PKHeX.Core/Resources/text/other/en/text_Abilities_en.txt
222,レシーバー,리시버,Receiver,kwsch/PKHeX,8ad201e80244f630ab5a46922ab72fb79c5ad4f4,PKHeX.Core/Resources/text/other/ja/text_Abilities_ja.txt,PKHeX.Core/Resources/text/other/ko/text_Abilities_ko.txt,PKHeX.Core/Resources/text/other/en/text_Abilities_en.txt
223,かがくのちから,화학의힘,Power of Alchemy,kwsch/PKHeX,8ad201e80244f630ab5a46922ab72fb79c5ad4f4,PKHeX.Core/Resources/text/other/ja/text_Abilities_ja.txt,PKHeX.Core/Resources/text/other/ko/text_Abilities_ko.txt,PKHeX.Core/Resources/text/other/en/text_Abilities_en.txt
224,ビーストブースト,비스트부스트,Beast Boost,kwsch/PKHeX,8ad201e80244f630ab5a46922ab72fb79c5ad4f4,PKHeX.Core/Resources/text/other/ja/text_Abilities_ja.txt,PKHeX.Core/Resources/text/other/ko/text_Abilities_ko.txt,PKHeX.Core/Resources/text/other/en/text_Abilities_en.txt
225,ＡＲシステム,AR시스템,RKS System,kwsch/PKHeX,8ad201e80244f630ab5a46922ab72fb79c5ad4f4,PKHeX.Core/Resources/text/other/ja/text_Abilities_ja.txt,PKHeX.Core/Resources/text/other/ko/text_Abilities_ko.txt,PKHeX.Core/Resources/text/other/en/text_Abilities_en.txt
226,エレキメイカー,일렉트릭메이커,Electric Surge,kwsch/PKHeX,8ad201e80244f630ab5a46922ab72fb79c5ad4f4,PKHeX.Core/Resources/text/other/ja/text_Abilities_ja.txt,PKHeX.Core/Resources/text/other/ko/text_Abilities_ko.txt,PKHeX.Core/Resources/text/other/en/text_Abilities_en.txt
227,サイコメイカー,사이코메이커,Psychic Surge,kwsch/PKHeX,8ad201e80244f630ab5a46922ab72fb79c5ad4f4,PKHeX.Core/Resources/text/other/ja/text_Abilities_ja.txt,PKHeX.Core/Resources/text/other/ko/text_Abilities_ko.txt,PKHeX.Core/Resources/text/other/en/text_Abilities_en.txt
228,ミストメイカー,미스트메이커,Misty Surge,kwsch/PKHeX,8ad201e80244f630ab5a46922ab72fb79c5ad4f4,PKHeX.Core/Resources/text/other/ja/text_Abilities_ja.txt,PKHeX.Core/Resources/text/other/ko/text_Abilities_ko.txt,PKHeX.Core/Resources/text/other/en/text_Abilities_en.txt
229,グラスメイカー,그래스메이커,Grassy Surge,kwsch/PKHeX,8ad201e80244f630ab5a46922ab72fb79c5ad4f4,PKHeX.Core/Resources/text/other/ja/text_Abilities_ja.txt,PKHeX.Core/Resources/text/other/ko/text_Abilities_ko.txt,PKHeX.Core/Resources/text/other/en/text_Abilities_en.txt
230,メタルプロテクト,메탈프로텍트,Full Metal Body,kwsch/PKHeX,8ad201e80244f630ab5a46922ab72fb79c5ad4f4,PKHeX.Core/Resources/text/other/ja/text_Abilities_ja.txt,PKHeX.Core/Resources/text/other/ko/text_Abilities_ko.txt,PKHeX.Core/Resources/text/other/en/text_Abilities_en.txt
231,ファントムガード,스펙터가드,Shadow Shield,kwsch/PKHeX,8ad201e80244f630ab5a46922ab72fb79c5ad4f4,PKHeX.Core/Resources/text/other/ja/text_Abilities_ja.txt,PKHeX.Core/Resources/text/other/ko/text_Abilities_ko.txt,PKHeX.Core/Resources/text/other/en/text_Abilities_en.txt
232,プリズムアーマー,프리즘아머,Prism Armor,kwsch/PKHeX,8ad201e80244f630ab5a46922ab72fb79c5ad4f4,PKHeX.Core/Resources/text/other/ja/text_Abilities_ja.txt,PKHeX.Core/Resources/text/other/ko/text_Abilities_ko.txt,PKHeX.Core/Resources/text/other/en/text_Abilities_en.txt
233,ブレインフォース,브레인포스,Neuroforce,kwsch/PKHeX,8ad201e80244f630ab5a46922ab72fb79c5ad4f4,PKHeX.Core/Resources/text/other/ja/text_Abilities_ja.txt,PKHeX.Core/Resources/text/other/ko/text_Abilities_ko.txt,PKHeX.Core/Resources/text/other/en/text_Abilities_en.txt
234,ふとうのけん,불요의검,Intrepid Sword,kwsch/PKHeX,8ad201e80244f630ab5a46922ab72fb79c5ad4f4,PKHeX.Core/Resources/text/other/ja/text_Abilities_ja.txt,PKHeX.Core/Resources/text/other/ko/text_Abilities_ko.txt,PKHeX.Core/Resources/text/other/en/text_Abilities_en.txt
235,ふくつのたて,불굴의방패,Dauntless Shield,kwsch/PKHeX,8ad201e80244f630ab5a46922ab72fb79c5ad4f4,PKHeX.Core/Resources/text/other/ja/text_Abilities_ja.txt,PKHeX.Core/Resources/text/other/ko/text_Abilities_ko.txt,PKHeX.Core/Resources/text/other/en/text_Abilities_en.txt
236,リベロ,리베로,Libero,kwsch/PKHeX,8ad201e80244f630ab5a46922ab72fb79c5ad4f4,PKHeX.Core/Resources/text/other/ja/text_Abilities_ja.txt,PKHeX.Core/Resources/text/other/ko/text_Abilities_ko.txt,PKHeX.Core/Resources/text/other/en/text_Abilities_en.txt
237,たまひろい,볼줍기,Ball Fetch,kwsch/PKHeX,8ad201e80244f630ab5a46922ab72fb79c5ad4f4,PKHeX.Core/Resources/text/other/ja/text_Abilities_ja.txt,PKHeX.Core/Resources/text/other/ko/text_Abilities_ko.txt,PKHeX.Core/Resources/text/other/en/text_Abilities_en.txt
238,わたげ,솜털,Cotton Down,kwsch/PKHeX,8ad201e80244f630ab5a46922ab72fb79c5ad4f4,PKHeX.Core/Resources/text/other/ja/text_Abilities_ja.txt,PKHeX.Core/Resources/text/other/ko/text_Abilities_ko.txt,PKHeX.Core/Resources/text/other/en/text_Abilities_en.txt
239,スクリューおびれ,스크루지느러미,Propeller Tail,kwsch/PKHeX,8ad201e80244f630ab5a46922ab72fb79c5ad4f4,PKHeX.Core/Resources/text/other/ja/text_Abilities_ja.txt,PKHeX.Core/Resources/text/other/ko/text_Abilities_ko.txt,PKHeX.Core/Resources/text/other/en/text_Abilities_en.txt
240,ミラーアーマー,미러아머,Mirror Armor,kwsch/PKHeX,8ad201e80244f630ab5a46922ab72fb79c5ad4f4,PKHeX.Core/Resources/text/other/ja/text_Abilities_ja.txt,PKHeX.Core/Resources/text/other/ko/text_Abilities_ko.txt,PKHeX.Core/Resources/text/other/en/text_Abilities_en.txt
241,うのミサイル,그대로꿀꺽미사일,Gulp Missile,kwsch/PKHeX,8ad201e80244f630ab5a46922ab72fb79c5ad4f4,PKHeX.Core/Resources/text/other/ja/text_Abilities_ja.txt,PKHeX.Core/Resources/text/other/ko/text_Abilities_ko.txt,PKHeX.Core/Resources/text/other/en/text_Abilities_en.txt
242,すじがねいり,굳건한신념,Stalwart,kwsch/PKHeX,8ad201e80244f630ab5a46922ab72fb79c5ad4f4,PKHeX.Core/Resources/text/other/ja/text_Abilities_ja.txt,PKHeX.Core/Resources/text/other/ko/text_Abilities_ko.txt,PKHeX.Core/Resources/text/other/en/text_Abilities_en.txt
243,じょうききかん,증기기관,Steam Engine,kwsch/PKHeX,8ad201e80244f630ab5a46922ab72fb79c5ad4f4,PKHeX.Core/Resources/text/other/ja/text_Abilities_ja.txt,PKHeX.Core/Resources/text/other/ko/text_Abilities_ko.txt,PKHeX.Core/Resources/text/other/en/text_Abilities_en.txt
244,パンクロック,펑크록,Punk Rock,kwsch/PKHeX,8ad201e80244f630ab5a46922ab72fb79c5ad4f4,PKHeX.Core/Resources/text/other/ja/text_Abilities_ja.txt,PKHeX.Core/Resources/text/other/ko/text_Abilities_ko.txt,PKHeX.Core/Resources/text/other/en/text_Abilities_en.txt
245,すなはき,모래뿜기,Sand Spit,kwsch/PKHeX,8ad201e80244f630ab5a46922ab72fb79c5ad4f4,PKHeX.Core/Resources/text/other/ja/text_Abilities_ja.txt,PKHeX.Core/Resources/text/other/ko/text_Abilities_ko.txt,PKHeX.Core/Resources/text/other/en/text_Abilities_en.txt
246,こおりのりんぷん,얼음인분,Ice Scales,kwsch/PKHeX,8ad201e80244f630ab5a46922ab72fb79c5ad4f4,PKHeX.Core/Resources/text/other/ja/text_Abilities_ja.txt,PKHeX.Core/Resources/text/other/ko/text_Abilities_ko.txt,PKHeX.Core/Resources/text/other/en/text_Abilities_en.txt
247,じゅくせい,숙성,Ripen,kwsch/PKHeX,8ad201e80244f630ab5a46922ab72fb79c5ad4f4,PKHeX.Core/Resources/text/other/ja/text_Abilities_ja.txt,PKHeX.Core/Resources/text/other/ko/text_Abilities_ko.txt,PKHeX.Core/Resources/text/other/en/text_Abilities_en.txt
248,アイスフェイス,아이스페이스,Ice Face,kwsch/PKHeX,8ad201e80244f630ab5a46922ab72fb79c5ad4f4,PKHeX.Core/Resources/text/other/ja/text_Abilities_ja.txt,PKHeX.Core/Resources/text/other/ko/text_Abilities_ko.txt,PKHeX.Core/Resources/text/other/en/text_Abilities_en.txt
249,パワースポット,파워스폿,Power Spot,kwsch/PKHeX,8ad201e80244f630ab5a46922ab72fb79c5ad4f4,PKHeX.Core/Resources/text/other/ja/text_Abilities_ja.txt,PKHeX.Core/Resources/text/other/ko/text_Abilities_ko.txt,PKHeX.Core/Resources/text/other/en/text_Abilities_en.txt
250,ぎたい,의태,Mimicry,kwsch/PKHeX,8ad201e80244f630ab5a46922ab72fb79c5ad4f4,PKHeX.Core/Resources/text/other/ja/text_Abilities_ja.txt,PKHeX.Core/Resources/text/other/ko/text_Abilities_ko.txt,PKHeX.Core/Resources/text/other/en/text_Abilities_en.txt
251,バリアフリー,배리어프리,Screen Cleaner,kwsch/PKHeX,8ad201e80244f630ab5a46922ab72fb79c5ad4f4,PKHeX.Core/Resources/text/other/ja/text_Abilities_ja.txt,PKHeX.Core/Resources/text/other/ko/text_Abilities_ko.txt,PKHeX.Core/Resources/text/other/en/text_Abilities_en.txt
252,はがねのせいしん,강철정신,Steely Spirit,kwsch/PKHeX,8ad201e80244f630ab5a46922ab72fb79c5ad4f4,PKHeX.Core/Resources/text/other/ja/text_Abilities_ja.txt,PKHeX.Core/Resources/text/other/ko/text_Abilities_ko.txt,PKHeX.Core/Resources/text/other/en/text_Abilities_en.txt
253,ほろびのボディ,멸망의바디,Perish Body,kwsch/PKHeX,8ad201e80244f630ab5a46922ab72fb79c5ad4f4,PKHeX.Core/Resources/text/other/ja/text_Abilities_ja.txt,PKHeX.Core/Resources/text/other/ko/text_Abilities_ko.txt,PKHeX.Core/Resources/text/other/en/text_Abilities_en.txt
254,さまようたましい,떠도는영혼,Wandering Spirit,kwsch/PKHeX,8ad201e80244f630ab5a46922ab72fb79c5ad4f4,PKHeX.Core/Resources/text/other/ja/text_Abilities_ja.txt,PKHeX.Core/Resources/text/other/ko/text_Abilities_ko.txt,PKHeX.Core/Resources/text/other/en/text_Abilities_en.txt
255,ごりむちゅう,무아지경,Gorilla Tactics,kwsch/PKHeX,8ad201e80244f630ab5a46922ab72fb79c5ad4f4,PKHeX.Core/Resources/text/other/ja/text_Abilities_ja.txt,PKHeX.Core/Resources/text/other/ko/text_Abilities_ko.txt,PKHeX.Core/Resources/text/other/en/text_Abilities_en.txt
256,かがくへんかガス,화학변화가스,Neutralizing Gas,kwsch/PKHeX,8ad201e80244f630ab5a46922ab72fb79c5ad4f4,PKHeX.Core/Resources/text/other/ja/text_Abilities_ja.txt,PKHeX.Core/Resources/text/other/ko/text_Abilities_ko.txt,PKHeX.Core/Resources/text/other/en/text_Abilities_en.txt
257,パステルベール,파스텔베일,Pastel Veil,kwsch/PKHeX,8ad201e80244f630ab5a46922ab72fb79c5ad4f4,PKHeX.Core/Resources/text/other/ja/text_Abilities_ja.txt,PKHeX.Core/Resources/text/other/ko/text_Abilities_ko.txt,PKHeX.Core/Resources/text/other/en/text_Abilities_en.txt
258,はらぺこスイッチ,꼬르륵스위치,Hunger Switch,kwsch/PKHeX,8ad201e80244f630ab5a46922ab72fb79c5ad4f4,PKHeX.Core/Resources/text/other/ja/text_Abilities_ja.txt,PKHeX.Core/Resources/text/other/ko/text_Abilities_ko.txt,PKHeX.Core/Resources/text/other/en/text_Abilities_en.txt
259,クイックドロウ,퀵드로,Quick Draw,kwsch/PKHeX,8ad201e80244f630ab5a46922ab72fb79c5ad4f4,PKHeX.Core/Resources/text/other/ja/text_Abilities_ja.txt,PKHeX.Core/Resources/text/other/ko/text_Abilities_ko.txt,PKHeX.Core/Resources/text/other/en/text_Abilities_en.txt
260,ふかしのこぶし,보이지않는주먹,Unseen Fist,kwsch/PKHeX,8ad201e80244f630ab5a46922ab72fb79c5ad4f4,PKHeX.Core/Resources/text/other/ja/text_Abilities_ja.txt,PKHeX.Core/Resources/text/other/ko/text_Abilities_ko.txt,PKHeX.Core/Resources/text/other/en/text_Abilities_en.txt
261,きみょうなくすり,기묘한약,Curious Medicine,kwsch/PKHeX,8ad201e80244f630ab5a46922ab72fb79c5ad4f4,PKHeX.Core/Resources/text/other/ja/text_Abilities_ja.txt,PKHeX.Core/Resources/text/other/ko/text_Abilities_ko.txt,PKHeX.Core/Resources/text/other/en/text_Abilities_en.txt
262,トランジスタ,트랜지스터,Transistor,kwsch/PKHeX,8ad201e80244f630ab5a46922ab72fb79c5ad4f4,PKHeX.Core/Resources/text/other/ja/text_Abilities_ja.txt,PKHeX.Core/Resources/text/other/ko/text_Abilities_ko.txt,PKHeX.Core/Resources/text/other/en/text_Abilities_en.txt
263,りゅうのあぎと,용의턱,Dragon’s Maw,kwsch/PKHeX,8ad201e80244f630ab5a46922ab72fb79c5ad4f4,PKHeX.Core/Resources/text/other/ja/text_Abilities_ja.txt,PKHeX.Core/Resources/text/other/ko/text_Abilities_ko.txt,PKHeX.Core/Resources/text/other/en/text_Abilities_en.txt
264,しろのいななき,백의울음,Chilling Neigh,kwsch/PKHeX,8ad201e80244f630ab5a46922ab72fb79c5ad4f4,PKHeX.Core/Resources/text/other/ja/text_Abilities_ja.txt,PKHeX.Core/Resources/text/other/ko/text_Abilities_ko.txt,PKHeX.Core/Resources/text/other/en/text_Abilities_en.txt
265,くろのいななき,흑의울음,Grim Neigh,kwsch/PKHeX,8ad201e80244f630ab5a46922ab72fb79c5ad4f4,PKHeX.Core/Resources/text/other/ja/text_Abilities_ja.txt,PKHeX.Core/Resources/text/other/ko/text_Abilities_ko.txt,PKHeX.Core/Resources/text/other/en/text_Abilities_en.txt
266,じんばいったい,혼연일체,As One,kwsch/PKHeX,8ad201e80244f630ab5a46922ab72fb79c5ad4f4,PKHeX.Core/Resources/text/other/ja/text_Abilities_ja.txt,PKHeX.Core/Resources/text/other/ko/text_Abilities_ko.txt,PKHeX.Core/Resources/text/other/en/text_Abilities_en.txt
267,じんばいったい,혼연일체,As One,kwsch/PKHeX,8ad201e80244f630ab5a46922ab72fb79c5ad4f4,PKHeX.Core/Resources/text/other/ja/text_Abilities_ja.txt,PKHeX.Core/Resources/text/other/ko/text_Abilities_ko.txt,PKHeX.Core/Resources/text/other/en/text_Abilities_en.txt
268,とれないにおい,가시지않는향기,Lingering Aroma,kwsch/PKHeX,8ad201e80244f630ab5a46922ab72fb79c5ad4f4,PKHeX.Core/Resources/text/other/ja/text_Abilities_ja.txt,PKHeX.Core/Resources/text/other/ko/text_Abilities_ko.txt,PKHeX.Core/Resources/text/other/en/text_Abilities_en.txt
269,こぼれダネ,넘치는씨,Seed Sower,kwsch/PKHeX,8ad201e80244f630ab5a46922ab72fb79c5ad4f4,PKHeX.Core/Resources/text/other/ja/text_Abilities_ja.txt,PKHeX.Core/Resources/text/other/ko/text_Abilities_ko.txt,PKHeX.Core/Resources/text/other/en/text_Abilities_en.txt
270,ねつこうかん,열교환,Thermal Exchange,kwsch/PKHeX,8ad201e80244f630ab5a46922ab72fb79c5ad4f4,PKHeX.Core/Resources/text/other/ja/text_Abilities_ja.txt,PKHeX.Core/Resources/text/other/ko/text_Abilities_ko.txt,PKHeX.Core/Resources/text/other/en/text_Abilities_en.txt
271,いかりのこうら,분노의껍질,Anger Shell,kwsch/PKHeX,8ad201e80244f630ab5a46922ab72fb79c5ad4f4,PKHeX.Core/Resources/text/other/ja/text_Abilities_ja.txt,PKHeX.Core/Resources/text/other/ko/text_Abilities_ko.txt,PKHeX.Core/Resources/text/other/en/text_Abilities_en.txt
272,きよめのしお,정화의소금,Purifying Salt,kwsch/PKHeX,8ad201e80244f630ab5a46922ab72fb79c5ad4f4,PKHeX.Core/Resources/text/other/ja/text_Abilities_ja.txt,PKHeX.Core/Resources/text/other/ko/text_Abilities_ko.txt,PKHeX.Core/Resources/text/other/en/text_Abilities_en.txt
273,こんがりボディ,노릇노릇바디,Well-Baked Body,kwsch/PKHeX,8ad201e80244f630ab5a46922ab72fb79c5ad4f4,PKHeX.Core/Resources/text/other/ja/text_Abilities_ja.txt,PKHeX.Core/Resources/text/other/ko/text_Abilities_ko.txt,PKHeX.Core/Resources/text/other/en/text_Abilities_en.txt
274,かぜのり,바람타기,Wind Rider,kwsch/PKHeX,8ad201e80244f630ab5a46922ab72fb79c5ad4f4,PKHeX.Core/Resources/text/other/ja/text_Abilities_ja.txt,PKHeX.Core/Resources/text/other/ko/text_Abilities_ko.txt,PKHeX.Core/Resources/text/other/en/text_Abilities_en.txt
275,ばんけん,파수견,Guard Dog,kwsch/PKHeX,8ad201e80244f630ab5a46922ab72fb79c5ad4f4,PKHeX.Core/Resources/text/other/ja/text_Abilities_ja.txt,PKHeX.Core/Resources/text/other/ko/text_Abilities_ko.txt,PKHeX.Core/Resources/text/other/en/text_Abilities_en.txt
276,いわはこび,바위나르기,Rocky Payload,kwsch/PKHeX,8ad201e80244f630ab5a46922ab72fb79c5ad4f4,PKHeX.Core/Resources/text/other/ja/text_Abilities_ja.txt,PKHeX.Core/Resources/text/other/ko/text_Abilities_ko.txt,PKHeX.Core/Resources/text/other/en/text_Abilities_en.txt
277,ふうりょくでんき,풍력발전,Wind Power,kwsch/PKHeX,8ad201e80244f630ab5a46922ab72fb79c5ad4f4,PKHeX.Core/Resources/text/other/ja/text_Abilities_ja.txt,PKHeX.Core/Resources/text/other/ko/text_Abilities_ko.txt,PKHeX.Core/Resources/text/other/en/text_Abilities_en.txt
278,マイティチェンジ,마이티체인지,Zero to Hero,kwsch/PKHeX,8ad201e80244f630ab5a46922ab72fb79c5ad4f4,PKHeX.Core/Resources/text/other/ja/text_Abilities_ja.txt,PKHeX.Core/Resources/text/other/ko/text_Abilities_ko.txt,PKHeX.Core/Resources/text/other/en/text_Abilities_en.txt
279,しれいとう,사령탑,Commander,kwsch/PKHeX,8ad201e80244f630ab5a46922ab72fb79c5ad4f4,PKHeX.Core/Resources/text/other/ja/text_Abilities_ja.txt,PKHeX.Core/Resources/text/other/ko/text_Abilities_ko.txt,PKHeX.Core/Resources/text/other/en/text_Abilities_en.txt
280,でんきにかえる,전기로바꾸기,Electromorphosis,kwsch/PKHeX,8ad201e80244f630ab5a46922ab72fb79c5ad4f4,PKHeX.Core/Resources/text/other/ja/text_Abilities_ja.txt,PKHeX.Core/Resources/text/other/ko/text_Abilities_ko.txt,PKHeX.Core/Resources/text/other/en/text_Abilities_en.txt
281,こだいかっせい,고대활성,Protosynthesis,kwsch/PKHeX,8ad201e80244f630ab5a46922ab72fb79c5ad4f4,PKHeX.Core/Resources/text/other/ja/text_Abilities_ja.txt,PKHeX.Core/Resources/text/other/ko/text_Abilities_ko.txt,PKHeX.Core/Resources/text/other/en/text_Abilities_en.txt
282,クォークチャージ,쿼크차지,Quark Drive,kwsch/PKHeX,8ad201e80244f630ab5a46922ab72fb79c5ad4f4,PKHeX.Core/Resources/text/other/ja/text_Abilities_ja.txt,PKHeX.Core/Resources/text/other/ko/text_Abilities_ko.txt,PKHeX.Core/Resources/text/other/en/text_Abilities_en.txt
283,おうごんのからだ,황금몸,Good as Gold,kwsch/PKHeX,8ad201e80244f630ab5a46922ab72fb79c5ad4f4,PKHeX.Core/Resources/text/other/ja/text_Abilities_ja.txt,PKHeX.Core/Resources/text/other/ko/text_Abilities_ko.txt,PKHeX.Core/Resources/text/other/en/text_Abilities_en.txt
284,わざわいのうつわ,재앙의그릇,Vessel of Ruin,kwsch/PKHeX,8ad201e80244f630ab5a46922ab72fb79c5ad4f4,PKHeX.Core/Resources/text/other/ja/text_Abilities_ja.txt,PKHeX.Core/Resources/text/other/ko/text_Abilities_ko.txt,PKHeX.Core/Resources/text/other/en/text_Abilities_en.txt
285,わざわいのつるぎ,재앙의검,Sword of Ruin,kwsch/PKHeX,8ad201e80244f630ab5a46922ab72fb79c5ad4f4,PKHeX.Core/Resources/text/other/ja/text_Abilities_ja.txt,PKHeX.Core/Resources/text/other/ko/text_Abilities_ko.txt,PKHeX.Core/Resources/text/other/en/text_Abilities_en.txt
286,わざわいのおふだ,재앙의목간,Tablets of Ruin,kwsch/PKHeX,8ad201e80244f630ab5a46922ab72fb79c5ad4f4,PKHeX.Core/Resources/text/other/ja/text_Abilities_ja.txt,PKHeX.Core/Resources/text/other/ko/text_Abilities_ko.txt,PKHeX.Core/Resources/text/other/en/text_Abilities_en.txt
287,わざわいのたま,재앙의구슬,Beads of Ruin,kwsch/PKHeX,8ad201e80244f630ab5a46922ab72fb79c5ad4f4,PKHeX.Core/Resources/text/other/ja/text_Abilities_ja.txt,PKHeX.Core/Resources/text/other/ko/text_Abilities_ko.txt,PKHeX.Core/Resources/text/other/en/text_Abilities_en.txt
288,ひひいろのこどう,진홍빛고동,Orichalcum Pulse,kwsch/PKHeX,8ad201e80244f630ab5a46922ab72fb79c5ad4f4,PKHeX.Core/Resources/text/other/ja/text_Abilities_ja.txt,PKHeX.Core/Resources/text/other/ko/text_Abilities_ko.txt,PKHeX.Core/Resources/text/other/en/text_Abilities_en.txt
289,ハドロンエンジン,하드론엔진,Hadron Engine,kwsch/PKHeX,8ad201e80244f630ab5a46922ab72fb79c5ad4f4,PKHeX.Core/Resources/text/other/ja/text_Abilities_ja.txt,PKHeX.Core/Resources/text/other/ko/text_Abilities_ko.txt,PKHeX.Core/Resources/text/other/en/text_Abilities_en.txt
290,びんじょう,편승,Opportunist,kwsch/PKHeX,8ad201e80244f630ab5a46922ab72fb79c5ad4f4,PKHeX.Core/Resources/text/other/ja/text_Abilities_ja.txt,PKHeX.Core/Resources/text/other/ko/text_Abilities_ko.txt,PKHeX.Core/Resources/text/other/en/text_Abilities_en.txt
291,はんすう,되새김질,Cud Chew,kwsch/PKHeX,8ad201e80244f630ab5a46922ab72fb79c5ad4f4,PKHeX.Core/Resources/text/other/ja/text_Abilities_ja.txt,PKHeX.Core/Resources/text/other/ko/text_Abilities_ko.txt,PKHeX.Core/Resources/text/other/en/text_Abilities_en.txt
292,きれあじ,예리함,Sharpness,kwsch/PKHeX,8ad201e80244f630ab5a46922ab72fb79c5ad4f4,PKHeX.Core/Resources/text/other/ja/text_Abilities_ja.txt,PKHeX.Core/Resources/text/other/ko/text_Abilities_ko.txt,PKHeX.Core/Resources/text/other/en/text_Abilities_en.txt
293,そうだいしょう,총대장,Supreme Overlord,kwsch/PKHeX,8ad201e80244f630ab5a46922ab72fb79c5ad4f4,PKHeX.Core/Resources/text/other/ja/text_Abilities_ja.txt,PKHeX.Core/Resources/text/other/ko/text_Abilities_ko.txt,PKHeX.Core/Resources/text/other/en/text_Abilities_en.txt
294,きょうえん,협연,Costar,kwsch/PKHeX,8ad201e80244f630ab5a46922ab72fb79c5ad4f4,PKHeX.Core/Resources/text/other/ja/text_Abilities_ja.txt,PKHeX.Core/Resources/text/other/ko/text_Abilities_ko.txt,PKHeX.Core/Resources/text/other/en/text_Abilities_en.txt
295,どくげしょう,독치장,Toxic Debris,kwsch/PKHeX,8ad201e80244f630ab5a46922ab72fb79c5ad4f4,PKHeX.Core/Resources/text/other/ja/text_Abilities_ja.txt,PKHeX.Core/Resources/text/other/ko/text_Abilities_ko.txt,PKHeX.Core/Resources/text/other/en/text_Abilities_en.txt
296,テイルアーマー,테일아머,Armor Tail,kwsch/PKHeX,8ad201e80244f630ab5a46922ab72fb79c5ad4f4,PKHeX.Core/Resources/text/other/ja/text_Abilities_ja.txt,PKHeX.Core/Resources/text/other/ko/text_Abilities_ko.txt,PKHeX.Core/Resources/text/other/en/text_Abilities_en.txt
297,どしょく,흙먹기,Earth Eater,kwsch/PKHeX,8ad201e80244f630ab5a46922ab72fb79c5ad4f4,PKHeX.Core/Resources/text/other/ja/text_Abilities_ja.txt,PKHeX.Core/Resources/text/other/ko/text_Abilities_ko.txt,PKHeX.Core/Resources/text/other/en/text_Abilities_en.txt
298,きんしのちから,균사의힘,Mycelium Might,kwsch/PKHeX,8ad201e80244f630ab5a46922ab72fb79c5ad4f4,PKHeX.Core/Resources/text/other/ja/text_Abilities_ja.txt,PKHeX.Core/Resources/text/other/ko/text_Abilities_ko.txt,PKHeX.Core/Resources/text/other/en/text_Abilities_en.txt
299,おもてなし,대접,Hospitality,kwsch/PKHeX,8ad201e80244f630ab5a46922ab72fb79c5ad4f4,PKHeX.Core/Resources/text/other/ja/text_Abilities_ja.txt,PKHeX.Core/Resources/text/other/ko/text_Abilities_ko.txt,PKHeX.Core/Resources/text/other/en/text_Abilities_en.txt
300,しんがん,심안,Mind’s Eye,kwsch/PKHeX,8ad201e80244f630ab5a46922ab72fb79c5ad4f4,PKHeX.Core/Resources/text/other/ja/text_Abilities_ja.txt,PKHeX.Core/Resources/text/other/ko/text_Abilities_ko.txt,PKHeX.Core/Resources/text/other/en/text_Abilities_en.txt
301,おもかげやどし,초상투영,Embody Aspect,kwsch/PKHeX,8ad201e80244f630ab5a46922ab72fb79c5ad4f4,PKHeX.Core/Resources/text/other/ja/text_Abilities_ja.txt,PKHeX.Core/Resources/text/other/ko/text_Abilities_ko.txt,PKHeX.Core/Resources/text/other/en/text_Abilities_en.txt
302,おもかげやどし,초상투영,Embody Aspect,kwsch/PKHeX,8ad201e80244f630ab5a46922ab72fb79c5ad4f4,PKHeX.Core/Resources/text/other/ja/text_Abilities_ja.txt,PKHeX.Core/Resources/text/other/ko/text_Abilities_ko.txt,PKHeX.Core/Resources/text/other/en/text_Abilities_en.txt
303,おもかげやどし,초상투영,Embody Aspect,kwsch/PKHeX,8ad201e80244f630ab5a46922ab72fb79c5ad4f4,PKHeX.Core/Resources/text/other/ja/text_Abilities_ja.txt,PKHeX.Core/Resources/text/other/ko/text_Abilities_ko.txt,PKHeX.Core/Resources/text/other/en/text_Abilities_en.txt
304,おもかげやどし,초상투영,Embody Aspect,kwsch/PKHeX,8ad201e80244f630ab5a46922ab72fb79c5ad4f4,PKHeX.Core/Resources/text/other/ja/text_Abilities_ja.txt,PKHeX.Core/Resources/text/other/ko/text_Abilities_ko.txt,PKHeX.Core/Resources/text/other/en/text_Abilities_en.txt
305,どくのくさり,독사슬,Toxic Chain,kwsch/PKHeX,8ad201e80244f630ab5a46922ab72fb79c5ad4f4,PKHeX.Core/Resources/text/other/ja/text_Abilities_ja.txt,PKHeX.Core/Resources/text/other/ko/text_Abilities_ko.txt,PKHeX.Core/Resources/text/other/en/text_Abilities_en.txt
306,かんろなミツ,감미로운꿀,Supersweet Syrup,kwsch/PKHeX,8ad201e80244f630ab5a46922ab72fb79c5ad4f4,PKHeX.Core/Resources/text/other/ja/text_Abilities_ja.txt,PKHeX.Core/Resources/text/other/ko/text_Abilities_ko.txt,PKHeX.Core/Resources/text/other/en/text_Abilities_en.txt
307,テラスチェンジ,테라체인지,Tera Shift,kwsch/PKHeX,8ad201e80244f630ab5a46922ab72fb79c5ad4f4,PKHeX.Core/Resources/text/other/ja/text_Abilities_ja.txt,PKHeX.Core/Resources/text/other/ko/text_Abilities_ko.txt,PKHeX.Core/Resources/text/other/en/text_Abilities_en.txt
308,テラスシェル,테라셸,Tera Shell,kwsch/PKHeX,8ad201e80244f630ab5a46922ab72fb79c5ad4f4,PKHeX.Core/Resources/text/other/ja/text_Abilities_ja.txt,PKHeX.Core/Resources/text/other/ko/text_Abilities_ko.txt,PKHeX.Core/Resources/text/other/en/text_Abilities_en.txt
309,ゼロフォーミング,제로포밍,Teraform Zero,kwsch/PKHeX,8ad201e80244f630ab5a46922ab72fb79c5ad4f4,PKHeX.Core/Resources/text/other/ja/text_Abilities_ja.txt,PKHeX.Core/Resources/text/other/ko/text_Abilities_ko.txt,PKHeX.Core/Resources/text/other/en/text_Abilities_en.txt
310,どくくぐつ,독조종,Poison Puppeteer,kwsch/PKHeX,8ad201e80244f630ab5a46922ab72fb79c5ad4f4,PKHeX.Core/Resources/text/other/ja/text_Abilities_ja.txt,PKHeX.Core/Resources/text/other/ko/text_Abilities_ko.txt,PKHeX.Core/Resources/text/other/en/text_Abilities_en.txt
