old_tm_index,display_tm_index_gen9a,delta,source_commit
0,0,0,8ad201e80244f630ab5a46922ab72fb79c5ad4f4
1,1,0,8ad201e80244f630ab5a46922ab72fb79c5ad4f4
2,2,0,8ad201e80244f630ab5a46922ab72fb79c5ad4f4
3,3,0,8ad201e80244f630ab5a46922ab72fb79c5ad4f4
4,6,2,8ad201e80244f630ab5a46922ab72fb79c5ad4f4
5,5,0,8ad201e80244f630ab5a46922ab72fb79c5ad4f4
6,7,1,8ad201e80244f630ab5a46922ab72fb79c5ad4f4
7,29,22,8ad201e80244f630ab5a46922ab72fb79c5ad4f4
8,11,3,8ad201e80244f630ab5a46922ab72fb79c5ad4f4
9,9,0,8ad201e80244f630ab5a46922ab72fb79c5ad4f4
10,23,13,8ad201e80244f630ab5a46922ab72fb79c5ad4f4
11,46,35,8ad201e80244f630ab5a46922ab72fb79c5ad4f4
12,42,30,8ad201e80244f630ab5a46922ab72fb79c5ad4f4
13,24,11,8ad201e80244f630ab5a46922ab72fb79c5ad4f4
14,105,91,8ad201e80244f630ab5a46922ab72fb79c5ad4f4
15,44,29,8ad201e80244f630ab5a46922ab72fb79c5ad4f4
16,16,0,8ad201e80244f630ab5a46922ab72fb79c5ad4f4
17,17,0,8ad201e80244f630ab5a46922ab72fb79c5ad4f4
18,47,29,8ad201e80244f630ab5a46922ab72fb79c5ad4f4
19,59,40,8ad201e80244f630ab5a46922ab72fb79c5ad4f4
20,51,31,8ad201e80244f630ab5a46922ab72fb79c5ad4f4
21,19,-2,8ad201e80244f630ab5a46922ab72fb79c5ad4f4
22,64,42,8ad201e80244f630ab5a46922ab72fb79c5ad4f4
23,93,70,8ad201e80244f630ab5a46922ab72fb79c5ad4f4
24,67,43,8ad201e80244f630ab5a46922ab72fb79c5ad4f4
25,106,81,8ad201e80244f630ab5a46922ab72fb79c5ad4f4
26,69,43,8ad201e80244f630ab5a46922ab72fb79c5ad4f4
27,25,-2,8ad201e80244f630ab5a46922ab72fb79c5ad4f4
28,28,0,8ad201e80244f630ab5a46922ab72fb79c5ad4f4
29,63,34,8ad201e80244f630ab5a46922ab72fb79c5ad4f4
30,74,44,8ad201e80244f630ab5a46922ab72fb79c5ad4f4
31,10,-21,8ad201e80244f630ab5a46922ab72fb79c5ad4f4
32,32,0,8ad201e80244f630ab5a46922ab72fb79c5ad4f4
33,31,-2,8ad201e80244f630ab5a46922ab72fb79c5ad4f4
34,20,-14,8ad201e80244f630ab5a46922ab72fb79c5ad4f4
35,33,-2,8ad201e80244f630ab5a46922ab72fb79c5ad4f4
36,53,17,8ad201e80244f630ab5a46922ab72fb79c5ad4f4
37,48,11,8ad201e80244f630ab5a46922ab72fb79c5ad4f4
38,38,0,8ad201e80244f630ab5a46922ab72fb79c5ad4f4
39,36,-3,8ad201e80244f630ab5a46922ab72fb79c5ad4f4
40,22,-18,8ad201e80244f630ab5a46922ab72fb79c5ad4f4
41,98,57,8ad201e80244f630ab5a46922ab72fb79c5ad4f4
42,39,-3,8ad201e80244f630ab5a46922ab72fb79c5ad4f4
43,40,-3,8ad201e80244f630ab5a46922ab72fb79c5ad4f4
44,13,-31,8ad201e80244f630ab5a46922ab72fb79c5ad4f4
45,58,13,8ad201e80244f630ab5a46922ab72fb79c5ad4f4
46,43,-3,8ad201e80244f630ab5a46922ab72fb79c5ad4f4
47,75,28,8ad201e80244f630ab5a46922ab72fb79c5ad4f4
48,45,-3,8ad201e80244f630ab5a46922ab72fb79c5ad4f4
49,104,55,8ad201e80244f630ab5a46922ab72fb79c5ad4f4
50,50,0,8ad201e80244f630ab5a46922ab72fb79c5ad4f4
51,73,22,8ad201e80244f630ab5a46922ab72fb79c5ad4f4
52,102,50,8ad201e80244f630ab5a46922ab72fb79c5ad4f4
53,26,-27,8ad201e80244f630ab5a46922ab72fb79c5ad4f4
54,49,-5,8ad201e80244f630ab5a46922ab72fb79c5ad4f4
55,107,52,8ad201e80244f630ab5a46922ab72fb79c5ad4f4
56,52,-4,8ad201e80244f630ab5a46922ab72fb79c5ad4f4
57,79,22,8ad201e80244f630ab5a46922ab72fb79c5ad4f4
58,54,-4,8ad201e80244f630ab5a46922ab72fb79c5ad4f4
59,34,-25,8ad201e80244f630ab5a46922ab72fb79c5ad4f4
60,56,-4,8ad201e80244f630ab5a46922ab72fb79c5ad4f4
61,57,-4,8ad201e80244f630ab5a46922ab72fb79c5ad4f4
62,62,0,8ad201e80244f630ab5a46922ab72fb79c5ad4f4
63,41,-22,8ad201e80244f630ab5a46922ab72fb79c5ad4f4
64,60,-4,8ad201e80244f630ab5a46922ab72fb79c5ad4f4
65,61,-4,8ad201e80244f630ab5a46922ab72fb79c5ad4f4
66,78,12,8ad201e80244f630ab5a46922ab72fb79c5ad4f4
67,96,29,8ad201e80244f630ab5a46922ab72fb79c5ad4f4
68,55,-13,8ad201e80244f630ab5a46922ab72fb79c5ad4f4
69,81,12,8ad201e80244f630ab5a46922ab72fb79c5ad4f4
70,27,-43,8ad201e80244f630ab5a46922ab72fb79c5ad4f4
71,65,-6,8ad201e80244f630ab5a46922ab72fb79c5ad4f4
72,66,-6,8ad201e80244f630ab5a46922ab72fb79c5ad4f4
73,8,-65,8ad201e80244f630ab5a46922ab72fb79c5ad4f4
74,68,-6,8ad201e80244f630ab5a46922ab72fb79c5ad4f4
75,30,-45,8ad201e80244f630ab5a46922ab72fb79c5ad4f4
76,70,-6,8ad201e80244f630ab5a46922ab72fb79c5ad4f4
77,71,-6,8ad201e80244f630ab5a46922ab72fb79c5ad4f4
78,72,-6,8ad201e80244f630ab5a46922ab72fb79c5ad4f4
79,101,22,8ad201e80244f630ab5a46922ab72fb79c5ad4f4
80,12,-68,8ad201e80244f630ab5a46922ab72fb79c5ad4f4
81,87,6,8ad201e80244f630ab5a46922ab72fb79c5ad4f4
82,14,-68,8ad201e80244f630ab5a46922ab72fb79c5ad4f4
83,76,-7,8ad201e80244f630ab5a46922ab72fb79c5ad4f4
84,77,-7,8ad201e80244f630ab5a46922ab72fb79c5ad4f4
85,21,-64,8ad201e80244f630ab5a46922ab72fb79c5ad4f4
86,15,-71,8ad201e80244f630ab5a46922ab72fb79c5ad4f4
87,80,-7,8ad201e80244f630ab5a46922ab72fb79c5ad4f4
88,103,15,8ad201e80244f630ab5a46922ab72fb79c5ad4f4
89,82,-7,8ad201e80244f630ab5a46922ab72fb79c5ad4f4
90,83,-7,8ad201e80244f630ab5a46922ab72fb79c5ad4f4
91,84,-7,8ad201e80244f630ab5a46922ab72fb79c5ad4f4
92,85,-7,8ad201e80244f630ab5a46922ab72fb79c5ad4f4
93,86,-7,8ad201e80244f630ab5a46922ab72fb79c5ad4f4
94,4,-90,8ad201e80244f630ab5a46922ab72fb79c5ad4f4
95,88,-7,8ad201e80244f630ab5a46922ab72fb79c5ad4f4
96,89,-7,8ad201e80244f630ab5a46922ab72fb79c5ad4f4
97,90,-7,8ad201e80244f630ab5a46922ab72fb79c5ad4f4
98,18,-80,8ad201e80244f630ab5a46922ab72fb79c5ad4f4
99,92,-7,8ad201e80244f630ab5a46922ab72fb79c5ad4f4
100,37,-63,8ad201e80244f630ab5a46922ab72fb79c5ad4f4
101,101,0,8ad201e80244f630ab5a46922ab72fb79c5ad4f4
102,94,-8,8ad201e80244f630ab5a46922ab72fb79c5ad4f4
103,95,-8,8ad201e80244f630ab5a46922ab72fb79c5ad4f4
104,91,-13,8ad201e80244f630ab5a46922ab72fb79c5ad4f4
105,97,-8,8ad201e80244f630ab5a46922ab72fb79c5ad4f4
106,35,-71,8ad201e80244f630ab5a46922ab72fb79c5ad4f4
107,99,-8,8ad201e80244f630ab5a46922ab72fb79c5ad4f4
108,100,-8,8ad201e80244f630ab5a46922ab72fb79c5ad4f4
109,109,0,8ad201e80244f630ab5a46922ab72fb79c5ad4f4
110,111,1,8ad201e80244f630ab5a46922ab72fb79c5ad4f4
111,113,2,8ad201e80244f630ab5a46922ab72fb79c5ad4f4
112,114,2,8ad201e80244f630ab5a46922ab72fb79c5ad4f4
113,116,3,8ad201e80244f630ab5a46922ab72fb79c5ad4f4
114,118,4,8ad201e80244f630ab5a46922ab72fb79c5ad4f4
115,121,6,8ad201e80244f630ab5a46922ab72fb79c5ad4f4
116,122,6,8ad201e80244f630ab5a46922ab72fb79c5ad4f4
117,123,6,8ad201e80244f630ab5a46922ab72fb79c5ad4f4
118,125,7,8ad201e80244f630ab5a46922ab72fb79c5ad4f4
119,127,8,8ad201e80244f630ab5a46922ab72fb79c5ad4f4
120,129,9,8ad201e80244f630ab5a46922ab72fb79c5ad4f4
121,133,12,8ad201e80244f630ab5a46922ab72fb79c5ad4f4
122,134,12,8ad201e80244f630ab5a46922ab72fb79c5ad4f4
123,136,13,8ad201e80244f630ab5a46922ab72fb79c5ad4f4
124,139,15,8ad201e80244f630ab5a46922ab72fb79c5ad4f4
125,142,17,8ad201e80244f630ab5a46922ab72fb79c5ad4f4
126,143,17,8ad201e80244f630ab5a46922ab72fb79c5ad4f4
127,156,29,8ad201e80244f630ab5a46922ab72fb79c5ad4f4
128,157,29,8ad201e80244f630ab5a46922ab72fb79c5ad4f4
129,108,-21,8ad201e80244f630ab5a46922ab72fb79c5ad4f4
130,110,-20,8ad201e80244f630ab5a46922ab72fb79c5ad4f4
131,112,-19,8ad201e80244f630ab5a46922ab72fb79c5ad4f4
132,115,-17,8ad201e80244f630ab5a46922ab72fb79c5ad4f4
133,117,-16,8ad201e80244f630ab5a46922ab72fb79c5ad4f4
134,119,-15,8ad201e80244f630ab5a46922ab72fb79c5ad4f4
135,120,-15,8ad201e80244f630ab5a46922ab72fb79c5ad4f4
136,124,-12,8ad201e80244f630ab5a46922ab72fb79c5ad4f4
137,126,-11,8ad201e80244f630ab5a46922ab72fb79c5ad4f4
138,128,-10,8ad201e80244f630ab5a46922ab72fb79c5ad4f4
139,130,-9,8ad201e80244f630ab5a46922ab72fb79c5ad4f4
140,131,-9,8ad201e80244f630ab5a46922ab72fb79c5ad4f4
141,132,-9,8ad201e80244f630ab5a46922ab72fb79c5ad4f4
142,135,-7,8ad201e80244f630ab5a46922ab72fb79c5ad4f4
143,137,-6,8ad201e80244f630ab5a46922ab72fb79c5ad4f4
144,138,-6,8ad201e80244f630ab5a46922ab72fb79c5ad4f4
145,140,-5,8ad201e80244f630ab5a46922ab72fb79c5ad4f4
146,141,-5,8ad201e80244f630ab5a46922ab72fb79c5ad4f4
147,144,-3,8ad201e80244f630ab5a46922ab72fb79c5ad4f4
148,145,-3,8ad201e80244f630ab5a46922ab72fb79c5ad4f4
149,146,-3,8ad201e80244f630ab5a46922ab72fb79c5ad4f4
150,147,-3,8ad201e80244f630ab5a46922ab72fb79c5ad4f4
151,148,-3,8ad201e80244f630ab5a46922ab72fb79c5ad4f4
152,149,-3,8ad201e80244f630ab5a46922ab72fb79c5ad4f4
153,150,-3,8ad201e80244f630ab5a46922ab72fb79c5ad4f4
154,151,-3,8ad201e80244f630ab5a46922ab72fb79c5ad4f4
155,152,-3,8ad201e80244f630ab5a46922ab72fb79c5ad4f4
156,153,-3,8ad201e80244f630ab5a46922ab72fb79c5ad4f4
157,154,-3,8ad201e80244f630ab5a46922ab72fb79c5ad4f4
158,155,-3,8ad201e80244f630ab5a46922ab72fb79c5ad4f4
159,158,-1,8ad201e80244f630ab5a46922ab72fb79c5ad4f4
160,159,-1,8ad201e80244f630ab5a46922ab72fb79c5ad4f4
161,160,-1,8ad201e80244f630ab5a46922ab72fb79c5ad4f4
