source_generation,source_item_id,destination_generation,destination_item_id,transferable,source_path,source_commit
2,0,4,0,no,PKHeX.Core/PKM/Util/Conversion/ItemConverter.cs,8ad201e80244f630ab5a46922ab72fb79c5ad4f4
2,1,4,1,yes,PKHeX.Core/PKM/Util/Conversion/ItemConverter.cs,8ad201e80244f630ab5a46922ab72fb79c5ad4f4
2,2,4,2,yes,PKHeX.Core/PKM/Util/Conversion/ItemConverter.cs,8ad201e80244f630ab5a46922ab72fb79c5ad4f4
2,3,4,213,yes,PKHeX.Core/PKM/Util/Conversion/ItemConverter.cs,8ad201e80244f630ab5a46922ab72fb79c5ad4f4
2,4,4,3,yes,PKHeX.Core/PKM/Util/Conversion/ItemConverter.cs,8ad201e80244f630ab5a46922ab72fb79c5ad4f4
2,5,4,4,yes,PKHeX.Core/PKM/Util/Conversion/ItemConverter.cs,8ad201e80244f630ab5a46922ab72fb79c5ad4f4
2,6,4,128,no,PKHeX.Core/PKM/Util/Conversion/ItemConverter.cs,8ad201e80244f630ab5a46922ab72fb79c5ad4f4
2,7,4,450,yes,PKHeX.Core/PKM/Util/Conversion/ItemConverter.cs,8ad201e80244f630ab5a46922ab72fb79c5ad4f4
2,8,4,81,yes,PKHeX.Core/PKM/Util/Conversion/ItemConverter.cs,8ad201e80244f630ab5a46922ab72fb79c5ad4f4
2,9,4,18,yes,PKHeX.Core/PKM/Util/Conversion/ItemConverter.cs,8ad201e80244f630ab5a46922ab72fb79c5ad4f4
2,10,4,19,yes,PKHeX.Core/PKM/Util/Conversion/ItemConverter.cs,8ad201e80244f630ab5a46922ab72fb79c5ad4f4
2,11,4,20,yes,PKHeX.Core/PKM/Util/Conversion/ItemConverter.cs,8ad201e80244f630ab5a46922ab72fb79c5ad4f4
2,12,4,21,yes,PKHeX.Core/PKM/Util/Conversion/ItemConverter.cs,8ad201e80244f630ab5a46922ab72fb79c5ad4f4
2,13,4,22,yes,PKHeX.Core/PKM/Util/Conversion/ItemConverter.cs,8ad201e80244f630ab5a46922ab72fb79c5ad4f4
2,14,4,23,yes,PKHeX.Core/PKM/Util/Conversion/ItemConverter.cs,8ad201e80244f630ab5a46922ab72fb79c5ad4f4
2,15,4,24,yes,PKHeX.Core/PKM/Util/Conversion/ItemConverter.cs,8ad201e80244f630ab5a46922ab72fb79c5ad4f4
2,16,4,25,yes,PKHeX.Core/PKM/Util/Conversion/ItemConverter.cs,8ad201e80244f630ab5a46922ab72fb79c5ad4f4
2,17,4,26,yes,PKHeX.Core/PKM/Util/Conversion/ItemConverter.cs,8ad201e80244f630ab5a46922ab72fb79c5ad4f4
2,18,4,17,yes,PKHeX.Core/PKM/Util/Conversion/ItemConverter.cs,8ad201e80244f630ab5a46922ab72fb79c5ad4f4
2,19,4,78,yes,PKHeX.Core/PKM/Util/Conversion/ItemConverter.cs,8ad201e80244f630ab5a46922ab72fb79c5ad4f4
2,20,4,79,yes,PKHeX.Core/PKM/Util/Conversion/ItemConverter.cs,8ad201e80244f630ab5a46922ab72fb79c5ad4f4
2,21,4,41,yes,PKHeX.Core/PKM/Util/Conversion/ItemConverter.cs,8ad201e80244f630ab5a46922ab72fb79c5ad4f4
2,22,4,82,yes,PKHeX.Core/PKM/Util/Conversion/ItemConverter.cs,8ad201e80244f630ab5a46922ab72fb79c5ad4f4
2,23,4,83,yes,PKHeX.Core/PKM/Util/Conversion/ItemConverter.cs,8ad201e80244f630ab5a46922ab72fb79c5ad4f4
2,24,4,84,yes,PKHeX.Core/PKM/Util/Conversion/ItemConverter.cs,8ad201e80244f630ab5a46922ab72fb79c5ad4f4
2,25,4,128,no,PKHeX.Core/PKM/Util/Conversion/ItemConverter.cs,8ad201e80244f630ab5a46922ab72fb79c5ad4f4
2,26,4,45,yes,PKHeX.Core/PKM/Util/Conversion/ItemConverter.cs,8ad201e80244f630ab5a46922ab72fb79c5ad4f4
2,27,4,46,yes,PKHeX.Core/PKM/Util/Conversion/ItemConverter.cs,8ad201e80244f630ab5a46922ab72fb79c5ad4f4
2,28,4,47,yes,PKHeX.Core/PKM/Util/Conversion/ItemConverter.cs,8ad201e80244f630ab5a46922ab72fb79c5ad4f4
2,29,4,48,yes,PKHeX.Core/PKM/Util/Conversion/ItemConverter.cs,8ad201e80244f630ab5a46922ab72fb79c5ad4f4
2,30,4,256,yes,PKHeX.Core/PKM/Util/Conversion/ItemConverter.cs,8ad201e80244f630ab5a46922ab72fb79c5ad4f4
2,31,4,49,yes,PKHeX.Core/PKM/Util/Conversion/ItemConverter.cs,8ad201e80244f630ab5a46922ab72fb79c5ad4f4
2,32,4,50,yes,PKHeX.Core/PKM/Util/Conversion/ItemConverter.cs,8ad201e80244f630ab5a46922ab72fb79c5ad4f4
2,33,4,60,yes,PKHeX.Core/PKM/Util/Conversion/ItemConverter.cs,8ad201e80244f630ab5a46922ab72fb79c5ad4f4
2,34,4,85,yes,PKHeX.Core/PKM/Util/Conversion/ItemConverter.cs,8ad201e80244f630ab5a46922ab72fb79c5ad4f4
2,35,4,257,yes,PKHeX.Core/PKM/Util/Conversion/ItemConverter.cs,8ad201e80244f630ab5a46922ab72fb79c5ad4f4
2,36,4,92,yes,PKHeX.Core/PKM/Util/Conversion/ItemConverter.cs,8ad201e80244f630ab5a46922ab72fb79c5ad4f4
2,37,4,63,yes,PKHeX.Core/PKM/Util/Conversion/ItemConverter.cs,8ad201e80244f630ab5a46922ab72fb79c5ad4f4
2,38,4,27,yes,PKHeX.Core/PKM/Util/Conversion/ItemConverter.cs,8ad201e80244f630ab5a46922ab72fb79c5ad4f4
2,39,4,28,yes,PKHeX.Core/PKM/Util/Conversion/ItemConverter.cs,8ad201e80244f630ab5a46922ab72fb79c5ad4f4
2,40,4,29,yes,PKHeX.Core/PKM/Util/Conversion/ItemConverter.cs,8ad201e80244f630ab5a46922ab72fb79c5ad4f4
2,41,4,55,yes,PKHeX.Core/PKM/Util/Conversion/ItemConverter.cs,8ad201e80244f630ab5a46922ab72fb79c5ad4f4
2,42,4,76,yes,PKHeX.Core/PKM/Util/Conversion/ItemConverter.cs,8ad201e80244f630ab5a46922ab72fb79c5ad4f4
2,43,4,77,yes,PKHeX.Core/PKM/Util/Conversion/ItemConverter.cs,8ad201e80244f630ab5a46922ab72fb79c5ad4f4
2,44,4,56,yes,PKHeX.Core/PKM/Util/Conversion/ItemConverter.cs,8ad201e80244f630ab5a46922ab72fb79c5ad4f4
2,45,4,128,no,PKHeX.Core/PKM/Util/Conversion/ItemConverter.cs,8ad201e80244f630ab5a46922ab72fb79c5ad4f4
2,46,4,30,yes,PKHeX.Core/PKM/Util/Conversion/ItemConverter.cs,8ad201e80244f630ab5a46922ab72fb79c5ad4f4
2,47,4,31,yes,PKHeX.Core/PKM/Util/Conversion/ItemConverter.cs,8ad201e80244f630ab5a46922ab72fb79c5ad4f4
2,48,4,32,yes,PKHeX.Core/PKM/Util/Conversion/ItemConverter.cs,8ad201e80244f630ab5a46922ab72fb79c5ad4f4
2,49,4,57,yes,PKHeX.Core/PKM/Util/Conversion/ItemConverter.cs,8ad201e80244f630ab5a46922ab72fb79c5ad4f4
2,50,4,128,no,PKHeX.Core/PKM/Util/Conversion/ItemConverter.cs,8ad201e80244f630ab5a46922ab72fb79c5ad4f4
2,51,4,58,yes,PKHeX.Core/PKM/Util/Conversion/ItemConverter.cs,8ad201e80244f630ab5a46922ab72fb79c5ad4f4
2,52,4,59,yes,PKHeX.Core/PKM/Util/Conversion/ItemConverter.cs,8ad201e80244f630ab5a46922ab72fb79c5ad4f4
2,53,4,61,yes,PKHeX.Core/PKM/Util/Conversion/ItemConverter.cs,8ad201e80244f630ab5a46922ab72fb79c5ad4f4
2,54,4,444,yes,PKHeX.Core/PKM/Util/Conversion/ItemConverter.cs,8ad201e80244f630ab5a46922ab72fb79c5ad4f4
2,55,4,128,no,PKHeX.Core/PKM/Util/Conversion/ItemConverter.cs,8ad201e80244f630ab5a46922ab72fb79c5ad4f4
2,56,4,128,no,PKHeX.Core/PKM/Util/Conversion/ItemConverter.cs,8ad201e80244f630ab5a46922ab72fb79c5ad4f4
2,57,4,216,yes,PKHeX.Core/PKM/Util/Conversion/ItemConverter.cs,8ad201e80244f630ab5a46922ab72fb79c5ad4f4
2,58,4,445,yes,PKHeX.Core/PKM/Util/Conversion/ItemConverter.cs,8ad201e80244f630ab5a46922ab72fb79c5ad4f4
2,59,4,446,yes,PKHeX.Core/PKM/Util/Conversion/ItemConverter.cs,8ad201e80244f630ab5a46922ab72fb79c5ad4f4
2,60,4,128,no,PKHeX.Core/PKM/Util/Conversion/ItemConverter.cs,8ad201e80244f630ab5a46922ab72fb79c5ad4f4
2,61,4,447,yes,PKHeX.Core/PKM/Util/Conversion/ItemConverter.cs,8ad201e80244f630ab5a46922ab72fb79c5ad4f4
2,62,4,51,yes,PKHeX.Core/PKM/Util/Conversion/ItemConverter.cs,8ad201e80244f630ab5a46922ab72fb79c5ad4f4
2,63,4,38,yes,PKHeX.Core/PKM/Util/Conversion/ItemConverter.cs,8ad201e80244f630ab5a46922ab72fb79c5ad4f4
2,64,4,39,yes,PKHeX.Core/PKM/Util/Conversion/ItemConverter.cs,8ad201e80244f630ab5a46922ab72fb79c5ad4f4
2,65,4,40,yes,PKHeX.Core/PKM/Util/Conversion/ItemConverter.cs,8ad201e80244f630ab5a46922ab72fb79c5ad4f4
2,66,4,478,yes,PKHeX.Core/PKM/Util/Conversion/ItemConverter.cs,8ad201e80244f630ab5a46922ab72fb79c5ad4f4
2,67,4,464,yes,PKHeX.Core/PKM/Util/Conversion/ItemConverter.cs,8ad201e80244f630ab5a46922ab72fb79c5ad4f4
2,68,4,456,yes,PKHeX.Core/PKM/Util/Conversion/ItemConverter.cs,8ad201e80244f630ab5a46922ab72fb79c5ad4f4
2,69,4,484,yes,PKHeX.Core/PKM/Util/Conversion/ItemConverter.cs,8ad201e80244f630ab5a46922ab72fb79c5ad4f4
2,70,4,128,no,PKHeX.Core/PKM/Util/Conversion/ItemConverter.cs,8ad201e80244f630ab5a46922ab72fb79c5ad4f4
2,71,4,482,yes,PKHeX.Core/PKM/Util/Conversion/ItemConverter.cs,8ad201e80244f630ab5a46922ab72fb79c5ad4f4
2,72,4,33,yes,PKHeX.Core/PKM/Util/Conversion/ItemConverter.cs,8ad201e80244f630ab5a46922ab72fb79c5ad4f4
2,73,4,217,yes,PKHeX.Core/PKM/Util/Conversion/ItemConverter.cs,8ad201e80244f630ab5a46922ab72fb79c5ad4f4
2,74,4,151,yes,PKHeX.Core/PKM/Util/Conversion/ItemConverter.cs,8ad201e80244f630ab5a46922ab72fb79c5ad4f4
2,75,4,128,no,PKHeX.Core/PKM/Util/Conversion/ItemConverter.cs,8ad201e80244f630ab5a46922ab72fb79c5ad4f4
2,76,4,237,yes,PKHeX.Core/PKM/Util/Conversion/ItemConverter.cs,8ad201e80244f630ab5a46922ab72fb79c5ad4f4
2,77,4,244,yes,PKHeX.Core/PKM/Util/Conversion/ItemConverter.cs,8ad201e80244f630ab5a46922ab72fb79c5ad4f4
2,78,4,149,yes,PKHeX.Core/PKM/Util/Conversion/ItemConverter.cs,8ad201e80244f630ab5a46922ab72fb79c5ad4f4
2,79,4,153,yes,PKHeX.Core/PKM/Util/Conversion/ItemConverter.cs,8ad201e80244f630ab5a46922ab72fb79c5ad4f4
2,80,4,152,yes,PKHeX.Core/PKM/Util/Conversion/ItemConverter.cs,8ad201e80244f630ab5a46922ab72fb79c5ad4f4
2,81,4,245,yes,PKHeX.Core/PKM/Util/Conversion/ItemConverter.cs,8ad201e80244f630ab5a46922ab72fb79c5ad4f4
2,82,4,221,yes,PKHeX.Core/PKM/Util/Conversion/ItemConverter.cs,8ad201e80244f630ab5a46922ab72fb79c5ad4f4
2,83,4,156,yes,PKHeX.Core/PKM/Util/Conversion/ItemConverter.cs,8ad201e80244f630ab5a46922ab72fb79c5ad4f4
2,84,4,150,yes,PKHeX.Core/PKM/Util/Conversion/ItemConverter.cs,8ad201e80244f630ab5a46922ab72fb79c5ad4f4
2,85,4,485,yes,PKHeX.Core/PKM/Util/Conversion/ItemConverter.cs,8ad201e80244f630ab5a46922ab72fb79c5ad4f4
2,86,4,86,yes,PKHeX.Core/PKM/Util/Conversion/ItemConverter.cs,8ad201e80244f630ab5a46922ab72fb79c5ad4f4
2,87,4,87,yes,PKHeX.Core/PKM/Util/Conversion/ItemConverter.cs,8ad201e80244f630ab5a46922ab72fb79c5ad4f4
2,88,4,222,yes,PKHeX.Core/PKM/Util/Conversion/ItemConverter.cs,8ad201e80244f630ab5a46922ab72fb79c5ad4f4
2,89,4,486,yes,PKHeX.Core/PKM/Util/Conversion/ItemConverter.cs,8ad201e80244f630ab5a46922ab72fb79c5ad4f4
2,90,4,128,no,PKHeX.Core/PKM/Util/Conversion/ItemConverter.cs,8ad201e80244f630ab5a46922ab72fb79c5ad4f4
2,91,4,223,yes,PKHeX.Core/PKM/Util/Conversion/ItemConverter.cs,8ad201e80244f630ab5a46922ab72fb79c5ad4f4
2,92,4,487,yes,PKHeX.Core/PKM/Util/Conversion/ItemConverter.cs,8ad201e80244f630ab5a46922ab72fb79c5ad4f4
2,93,4,488,yes,PKHeX.Core/PKM/Util/Conversion/ItemConverter.cs,8ad201e80244f630ab5a46922ab72fb79c5ad4f4
2,94,4,224,yes,PKHeX.Core/PKM/Util/Conversion/ItemConverter.cs,8ad201e80244f630ab5a46922ab72fb79c5ad4f4
2,95,4,243,yes,PKHeX.Core/PKM/Util/Conversion/ItemConverter.cs,8ad201e80244f630ab5a46922ab72fb79c5ad4f4
2,96,4,248,yes,PKHeX.Core/PKM/Util/Conversion/ItemConverter.cs,8ad201e80244f630ab5a46922ab72fb79c5ad4f4
2,97,4,490,yes,PKHeX.Core/PKM/Util/Conversion/ItemConverter.cs,8ad201e80244f630ab5a46922ab72fb79c5ad4f4
2,98,4,241,yes,PKHeX.Core/PKM/Util/Conversion/ItemConverter.cs,8ad201e80244f630ab5a46922ab72fb79c5ad4f4
2,99,4,491,yes,PKHeX.Core/PKM/Util/Conversion/ItemConverter.cs,8ad201e80244f630ab5a46922ab72fb79c5ad4f4
2,100,4,128,no,PKHeX.Core/PKM/Util/Conversion/ItemConverter.cs,8ad201e80244f630ab5a46922ab72fb79c5ad4f4
2,101,4,489,yes,PKHeX.Core/PKM/Util/Conversion/ItemConverter.cs,8ad201e80244f630ab5a46922ab72fb79c5ad4f4
2,102,4,240,yes,PKHeX.Core/PKM/Util/Conversion/ItemConverter.cs,8ad201e80244f630ab5a46922ab72fb79c5ad4f4
2,103,4,473,yes,PKHeX.Core/PKM/Util/Conversion/ItemConverter.cs,8ad201e80244f630ab5a46922ab72fb79c5ad4f4
2,104,4,128,no,PKHeX.Core/PKM/Util/Conversion/ItemConverter.cs,8ad201e80244f630ab5a46922ab72fb79c5ad4f4
2,105,4,259,yes,PKHeX.Core/PKM/Util/Conversion/ItemConverter.cs,8ad201e80244f630ab5a46922ab72fb79c5ad4f4
2,106,4,228,yes,PKHeX.Core/PKM/Util/Conversion/ItemConverter.cs,8ad201e80244f630ab5a46922ab72fb79c5ad4f4
2,107,4,246,yes,PKHeX.Core/PKM/Util/Conversion/ItemConverter.cs,8ad201e80244f630ab5a46922ab72fb79c5ad4f4
2,108,4,242,yes,PKHeX.Core/PKM/Util/Conversion/ItemConverter.cs,8ad201e80244f630ab5a46922ab72fb79c5ad4f4
2,109,4,157,yes,PKHeX.Core/PKM/Util/Conversion/ItemConverter.cs,8ad201e80244f630ab5a46922ab72fb79c5ad4f4
2,110,4,88,yes,PKHeX.Core/PKM/Util/Conversion/ItemConverter.cs,8ad201e80244f630ab5a46922ab72fb79c5ad4f4
2,111,4,89,yes,PKHeX.Core/PKM/Util/Conversion/ItemConverter.cs,8ad201e80244f630ab5a46922ab72fb79c5ad4f4
2,112,4,229,yes,PKHeX.Core/PKM/Util/Conversion/ItemConverter.cs,8ad201e80244f630ab5a46922ab72fb79c5ad4f4
2,113,4,247,yes,PKHeX.Core/PKM/Util/Conversion/ItemConverter.cs,8ad201e80244f630ab5a46922ab72fb79c5ad4f4
2,114,4,504,yes,PKHeX.Core/PKM/Util/Conversion/ItemConverter.cs,8ad201e80244f630ab5a46922ab72fb79c5ad4f4
2,115,4,128,no,PKHeX.Core/PKM/Util/Conversion/ItemConverter.cs,8ad201e80244f630ab5a46922ab72fb79c5ad4f4
2,116,4,128,no,PKHeX.Core/PKM/Util/Conversion/ItemConverter.cs,8ad201e80244f630ab5a46922ab72fb79c5ad4f4
2,117,4,239,yes,PKHeX.Core/PKM/Util/Conversion/ItemConverter.cs,8ad201e80244f630ab5a46922ab72fb79c5ad4f4
2,118,4,258,yes,PKHeX.Core/PKM/Util/Conversion/ItemConverter.cs,8ad201e80244f630ab5a46922ab72fb79c5ad4f4
2,119,4,230,yes,PKHeX.Core/PKM/Util/Conversion/ItemConverter.cs,8ad201e80244f630ab5a46922ab72fb79c5ad4f4
2,120,4,128,no,PKHeX.Core/PKM/Util/Conversion/ItemConverter.cs,8ad201e80244f630ab5a46922ab72fb79c5ad4f4
2,121,4,34,yes,PKHeX.Core/PKM/Util/Conversion/ItemConverter.cs,8ad201e80244f630ab5a46922ab72fb79c5ad4f4
2,122,4,35,yes,PKHeX.Core/PKM/Util/Conversion/ItemConverter.cs,8ad201e80244f630ab5a46922ab72fb79c5ad4f4
2,123,4,36,yes,PKHeX.Core/PKM/Util/Conversion/ItemConverter.cs,8ad201e80244f630ab5a46922ab72fb79c5ad4f4
2,124,4,37,yes,PKHeX.Core/PKM/Util/Conversion/ItemConverter.cs,8ad201e80244f630ab5a46922ab72fb79c5ad4f4
2,125,4,238,yes,PKHeX.Core/PKM/Util/Conversion/ItemConverter.cs,8ad201e80244f630ab5a46922ab72fb79c5ad4f4
2,126,4,231,yes,PKHeX.Core/PKM/Util/Conversion/ItemConverter.cs,8ad201e80244f630ab5a46922ab72fb79c5ad4f4
2,127,4,475,yes,PKHeX.Core/PKM/Util/Conversion/ItemConverter.cs,8ad201e80244f630ab5a46922ab72fb79c5ad4f4
2,128,4,481,yes,PKHeX.Core/PKM/Util/Conversion/ItemConverter.cs,8ad201e80244f630ab5a46922ab72fb79c5ad4f4
2,129,4,128,no,PKHeX.Core/PKM/Util/Conversion/ItemConverter.cs,8ad201e80244f630ab5a46922ab72fb79c5ad4f4
2,130,4,128,no,PKHeX.Core/PKM/Util/Conversion/ItemConverter.cs,8ad201e80244f630ab5a46922ab72fb79c5ad4f4
2,131,4,90,yes,PKHeX.Core/PKM/Util/Conversion/ItemConverter.cs,8ad201e80244f630ab5a46922ab72fb79c5ad4f4
2,132,4,91,yes,PKHeX.Core/PKM/Util/Conversion/ItemConverter.cs,8ad201e80244f630ab5a46922ab72fb79c5ad4f4
2,133,4,476,yes,PKHeX.Core/PKM/Util/Conversion/ItemConverter.cs,8ad201e80244f630ab5a46922ab72fb79c5ad4f4
2,134,4,480,yes,PKHeX.Core/PKM/Util/Conversion/ItemConverter.cs,8ad201e80244f630ab5a46922ab72fb79c5ad4f4
2,135,4,128,no,PKHeX.Core/PKM/Util/Conversion/ItemConverter.cs,8ad201e80244f630ab5a46922ab72fb79c5ad4f4
2,136,4,128,no,PKHeX.Core/PKM/Util/Conversion/ItemConverter.cs,8ad201e80244f630ab5a46922ab72fb79c5ad4f4
2,137,4,128,no,PKHeX.Core/PKM/Util/Conversion/ItemConverter.cs,8ad201e80244f630ab5a46922ab72fb79c5ad4f4
2,138,4,249,yes,PKHeX.Core/PKM/Util/Conversion/ItemConverter.cs,8ad201e80244f630ab5a46922ab72fb79c5ad4f4
2,139,4,43,yes,PKHeX.Core/PKM/Util/Conversion/ItemConverter.cs,8ad201e80244f630ab5a46922ab72fb79c5ad4f4
2,140,4,232,yes,PKHeX.Core/PKM/Util/Conversion/ItemConverter.cs,8ad201e80244f630ab5a46922ab72fb79c5ad4f4
2,141,4,128,no,PKHeX.Core/PKM/Util/Conversion/ItemConverter.cs,8ad201e80244f630ab5a46922ab72fb79c5ad4f4
2,142,4,128,no,PKHeX.Core/PKM/Util/Conversion/ItemConverter.cs,8ad201e80244f630ab5a46922ab72fb79c5ad4f4
2,143,4,233,yes,PKHeX.Core/PKM/Util/Conversion/ItemConverter.cs,8ad201e80244f630ab5a46922ab72fb79c5ad4f4
2,144,4,250,yes,PKHeX.Core/PKM/Util/Conversion/ItemConverter.cs,8ad201e80244f630ab5a46922ab72fb79c5ad4f4
2,145,4,128,no,PKHeX.Core/PKM/Util/Conversion/ItemConverter.cs,8ad201e80244f630ab5a46922ab72fb79c5ad4f4
2,146,4,234,yes,PKHeX.Core/PKM/Util/Conversion/ItemConverter.cs,8ad201e80244f630ab5a46922ab72fb79c5ad4f4
2,147,4,128,no,PKHeX.Core/PKM/Util/Conversion/ItemConverter.cs,8ad201e80244f630ab5a46922ab72fb79c5ad4f4
2,148,4,128,no,PKHeX.Core/PKM/Util/Conversion/ItemConverter.cs,8ad201e80244f630ab5a46922ab72fb79c5ad4f4
2,149,4,128,no,PKHeX.Core/PKM/Util/Conversion/ItemConverter.cs,8ad201e80244f630ab5a46922ab72fb79c5ad4f4
2,150,4,154,yes,PKHeX.Core/PKM/Util/Conversion/ItemConverter.cs,8ad201e80244f630ab5a46922ab72fb79c5ad4f4
2,151,4,235,yes,PKHeX.Core/PKM/Util/Conversion/ItemConverter.cs,8ad201e80244f630ab5a46922ab72fb79c5ad4f4
2,152,4,128,no,PKHeX.Core/PKM/Util/Conversion/ItemConverter.cs,8ad201e80244f630ab5a46922ab72fb79c5ad4f4
2,153,4,128,no,PKHeX.Core/PKM/Util/Conversion/ItemConverter.cs,8ad201e80244f630ab5a46922ab72fb79c5ad4f4
2,154,4,128,no,PKHeX.Core/PKM/Util/Conversion/ItemConverter.cs,8ad201e80244f630ab5a46922ab72fb79c5ad4f4
2,155,4,128,no,PKHeX.Core/PKM/Util/Conversion/ItemConverter.cs,8ad201e80244f630ab5a46922ab72fb79c5ad4f4
2,156,4,44,yes,PKHeX.Core/PKM/Util/Conversion/ItemConverter.cs,8ad201e80244f630ab5a46922ab72fb79c5ad4f4
2,157,4,495,yes,PKHeX.Core/PKM/Util/Conversion/ItemConverter.cs,8ad201e80244f630ab5a46922ab72fb79c5ad4f4
2,158,4,128,no,PKHeX.Core/PKM/Util/Conversion/ItemConverter.cs,8ad201e80244f630ab5a46922ab72fb79c5ad4f4
2,159,4,493,yes,PKHeX.Core/PKM/Util/Conversion/ItemConverter.cs,8ad201e80244f630ab5a46922ab72fb79c5ad4f4
2,160,4,128,no,PKHeX.Core/PKM/Util/Conversion/ItemConverter.cs,8ad201e80244f630ab5a46922ab72fb79c5ad4f4
2,161,4,492,yes,PKHeX.Core/PKM/Util/Conversion/ItemConverter.cs,8ad201e80244f630ab5a46922ab72fb79c5ad4f4
2,162,4,128,no,PKHeX.Core/PKM/Util/Conversion/ItemConverter.cs,8ad201e80244f630ab5a46922ab72fb79c5ad4f4
2,163,4,236,yes,PKHeX.Core/PKM/Util/Conversion/ItemConverter.cs,8ad201e80244f630ab5a46922ab72fb79c5ad4f4
2,164,4,497,yes,PKHeX.Core/PKM/Util/Conversion/ItemConverter.cs,8ad201e80244f630ab5a46922ab72fb79c5ad4f4
2,165,4,498,yes,PKHeX.Core/PKM/Util/Conversion/ItemConverter.cs,8ad201e80244f630ab5a46922ab72fb79c5ad4f4
2,166,4,496,yes,PKHeX.Core/PKM/Util/Conversion/ItemConverter.cs,8ad201e80244f630ab5a46922ab72fb79c5ad4f4
2,167,4,128,no,PKHeX.Core/PKM/Util/Conversion/ItemConverter.cs,8ad201e80244f630ab5a46922ab72fb79c5ad4f4
2,168,4,128,no,PKHeX.Core/PKM/Util/Conversion/ItemConverter.cs,8ad201e80244f630ab5a46922ab72fb79c5ad4f4
2,169,4,80,yes,PKHeX.Core/PKM/Util/Conversion/ItemConverter.cs,8ad201e80244f630ab5a46922ab72fb79c5ad4f4
2,170,4,128,no,PKHeX.Core/PKM/Util/Conversion/ItemConverter.cs,8ad201e80244f630ab5a46922ab72fb79c5ad4f4
2,171,4,128,no,PKHeX.Core/PKM/Util/Conversion/ItemConverter.cs,8ad201e80244f630ab5a46922ab72fb79c5ad4f4
2,172,4,252,yes,PKHeX.Core/PKM/Util/Conversion/ItemConverter.cs,8ad201e80244f630ab5a46922ab72fb79c5ad4f4
2,173,4,155,yes,PKHeX.Core/PKM/Util/Conversion/ItemConverter.cs,8ad201e80244f630ab5a46922ab72fb79c5ad4f4
2,174,4,158,yes,PKHeX.Core/PKM/Util/Conversion/ItemConverter.cs,8ad201e80244f630ab5a46922ab72fb79c5ad4f4
2,175,4,477,yes,PKHeX.Core/PKM/Util/Conversion/ItemConverter.cs,8ad201e80244f630ab5a46922ab72fb79c5ad4f4
2,176,4,128,no,PKHeX.Core/PKM/Util/Conversion/ItemConverter.cs,8ad201e80244f630ab5a46922ab72fb79c5ad4f4
2,177,4,500,yes,PKHeX.Core/PKM/Util/Conversion/ItemConverter.cs,8ad201e80244f630ab5a46922ab72fb79c5ad4f4
2,178,4,483,yes,PKHeX.Core/PKM/Util/Conversion/ItemConverter.cs,8ad201e80244f630ab5a46922ab72fb79c5ad4f4
2,179,4,128,no,PKHeX.Core/PKM/Util/Conversion/ItemConverter.cs,8ad201e80244f630ab5a46922ab72fb79c5ad4f4
2,180,4,128,no,PKHeX.Core/PKM/Util/Conversion/ItemConverter.cs,8ad201e80244f630ab5a46922ab72fb79c5ad4f4
2,181,4,128,no,PKHeX.Core/PKM/Util/Conversion/ItemConverter.cs,8ad201e80244f630ab5a46922ab72fb79c5ad4f4
2,182,4,128,no,PKHeX.Core/PKM/Util/Conversion/ItemConverter.cs,8ad201e80244f630ab5a46922ab72fb79c5ad4f4
2,183,4,128,no,PKHeX.Core/PKM/Util/Conversion/ItemConverter.cs,8ad201e80244f630ab5a46922ab72fb79c5ad4f4
2,184,4,128,no,PKHeX.Core/PKM/Util/Conversion/ItemConverter.cs,8ad201e80244f630ab5a46922ab72fb79c5ad4f4
2,185,4,128,no,PKHeX.Core/PKM/Util/Conversion/ItemConverter.cs,8ad201e80244f630ab5a46922ab72fb79c5ad4f4
2,186,4,128,no,PKHeX.Core/PKM/Util/Conversion/ItemConverter.cs,8ad201e80244f630ab5a46922ab72fb79c5ad4f4
2,187,4,128,no,PKHeX.Core/PKM/Util/Conversion/ItemConverter.cs,8ad201e80244f630ab5a46922ab72fb79c5ad4f4
2,188,4,128,no,PKHeX.Core/PKM/Util/Conversion/ItemConverter.cs,8ad201e80244f630ab5a46922ab72fb79c5ad4f4
2,189,4,128,no,PKHeX.Core/PKM/Util/Conversion/ItemConverter.cs,8ad201e80244f630ab5a46922ab72fb79c5ad4f4
2,190,4,128,no,PKHeX.Core/PKM/Util/Conversion/ItemConverter.cs,8ad201e80244f630ab5a46922ab72fb79c5ad4f4
2,191,4,328,yes,PKHeX.Core/PKM/Util/Conversion/ItemConverter.cs,8ad201e80244f630ab5a46922ab72fb79c5ad4f4
2,192,4,329,yes,PKHeX.Core/PKM/Util/Conversion/ItemConverter.cs,8ad201e80244f630ab5a46922ab72fb79c5ad4f4
2,193,4,330,yes,PKHeX.Core/PKM/Util/Conversion/ItemConverter.cs,8ad201e80244f630ab5a46922ab72fb79c5ad4f4
2,194,4,331,yes,PKHeX.Core/PKM/Util/Conversion/ItemConverter.cs,8ad201e80244f630ab5a46922ab72fb79c5ad4f4
2,195,4,331,yes,PKHeX.Core/PKM/Util/Conversion/ItemConverter.cs,8ad201e80244f630ab5a46922ab72fb79c5ad4f4
2,196,4,332,yes,PKHeX.Core/PKM/Util/Conversion/ItemConverter.cs,8ad201e80244f630ab5a46922ab72fb79c5ad4f4
2,197,4,333,yes,PKHeX.Core/PKM/Util/Conversion/ItemConverter.cs,8ad201e80244f630ab5a46922ab72fb79c5ad4f4
2,198,4,334,yes,PKHeX.Core/PKM/Util/Conversion/ItemConverter.cs,8ad201e80244f630ab5a46922ab72fb79c5ad4f4
2,199,4,335,yes,PKHeX.Core/PKM/Util/Conversion/ItemConverter.cs,8ad201e80244f630ab5a46922ab72fb79c5ad4f4
2,200,4,336,yes,PKHeX.Core/PKM/Util/Conversion/ItemConverter.cs,8ad201e80244f630ab5a46922ab72fb79c5ad4f4
2,201,4,337,yes,PKHeX.Core/PKM/Util/Conversion/ItemConverter.cs,8ad201e80244f630ab5a46922ab72fb79c5ad4f4
2,202,4,338,yes,PKHeX.Core/PKM/Util/Conversion/ItemConverter.cs,8ad201e80244f630ab5a46922ab72fb79c5ad4f4
2,203,4,339,yes,PKHeX.Core/PKM/Util/Conversion/ItemConverter.cs,8ad201e80244f630ab5a46922ab72fb79c5ad4f4
2,204,4,340,yes,PKHeX.Core/PKM/Util/Conversion/ItemConverter.cs,8ad201e80244f630ab5a46922ab72fb79c5ad4f4
2,205,4,341,yes,PKHeX.Core/PKM/Util/Conversion/ItemConverter.cs,8ad201e80244f630ab5a46922ab72fb79c5ad4f4
2,206,4,342,yes,PKHeX.Core/PKM/Util/Conversion/ItemConverter.cs,8ad201e80244f630ab5a46922ab72fb79c5ad4f4
2,207,4,343,yes,PKHeX.Core/PKM/Util/Conversion/ItemConverter.cs,8ad201e80244f630ab5a46922ab72fb79c5ad4f4
2,208,4,344,yes,PKHeX.Core/PKM/Util/Conversion/ItemConverter.cs,8ad201e80244f630ab5a46922ab72fb79c5ad4f4
2,209,4,345,yes,PKHeX.Core/PKM/Util/Conversion/ItemConverter.cs,8ad201e80244f630ab5a46922ab72fb79c5ad4f4
2,210,4,346,yes,PKHeX.Core/PKM/Util/Conversion/ItemConverter.cs,8ad201e80244f630ab5a46922ab72fb79c5ad4f4
2,211,4,347,yes,PKHeX.Core/PKM/Util/Conversion/ItemConverter.cs,8ad201e80244f630ab5a46922ab72fb79c5ad4f4
2,212,4,348,yes,PKHeX.Core/PKM/Util/Conversion/ItemConverter.cs,8ad201e80244f630ab5a46922ab72fb79c5ad4f4
2,213,4,349,yes,PKHeX.Core/PKM/Util/Conversion/ItemConverter.cs,8ad201e80244f630ab5a46922ab72fb79c5ad4f4
2,214,4,350,yes,PKHeX.Core/PKM/Util/Conversion/ItemConverter.cs,8ad201e80244f630ab5a46922ab72fb79c5ad4f4
2,215,4,351,yes,PKHeX.Core/PKM/Util/Conversion/ItemConverter.cs,8ad201e80244f630ab5a46922ab72fb79c5ad4f4
2,216,4,352,yes,PKHeX.Core/PKM/Util/Conversion/ItemConverter.cs,8ad201e80244f630ab5a46922ab72fb79c5ad4f4
2,217,4,353,yes,PKHeX.Core/PKM/Util/Conversion/ItemConverter.cs,8ad201e80244f630ab5a46922ab72fb79c5ad4f4
2,218,4,354,yes,PKHeX.Core/PKM/Util/Conversion/ItemConverter.cs,8ad201e80244f630ab5a46922ab72fb79c5ad4f4
2,219,4,355,yes,PKHeX.Core/PKM/Util/Conversion/ItemConverter.cs,8ad201e80244f630ab5a46922ab72fb79c5ad4f4
2,220,4,355,yes,PKHeX.Core/PKM/Util/Conversion/ItemConverter.cs,8ad201e80244f630ab5a46922ab72fb79c5ad4f4
2,221,4,356,yes,PKHeX.Core/PKM/Util/Conversion/ItemConverter.cs,8ad201e80244f630ab5a46922ab72fb79c5ad4f4
2,222,4,357,yes,PKHeX.Core/PKM/Util/Conversion/ItemConverter.cs,8ad201e80244f630ab5a46922ab72fb79c5ad4f4
2,223,4,358,yes,PKHeX.Core/PKM/Util/Conversion/ItemConverter.cs,8ad201e80244f630ab5a46922ab72fb79c5ad4f4
2,224,4,359,yes,PKHeX.Core/PKM/Util/Conversion/ItemConverter.cs,8ad201e80244f630ab5a46922ab72fb79c5ad4f4
2,225,4,360,yes,PKHeX.Core/PKM/Util/Conversion/ItemConverter.cs,8ad201e80244f630ab5a46922ab72fb79c5ad4f4
2,226,4,361,yes,PKHeX.Core/PKM/Util/Conversion/ItemConverter.cs,8ad201e80244f630ab5a46922ab72fb79c5ad4f4
2,227,4,362,yes,PKHeX.Core/PKM/Util/Conversion/ItemConverter.cs,8ad201e80244f630ab5a46922ab72fb79c5ad4f4
2,228,4,363,yes,PKHeX.Core/PKM/Util/Conversion/ItemConverter.cs,8ad201e80244f630ab5a46922ab72fb79c5ad4f4
2,229,4,364,yes,PKHeX.Core/PKM/Util/Conversion/ItemConverter.cs,8ad201e80244f630ab5a46922ab72fb79c5ad4f4
2,230,4,365,yes,PKHeX.Core/PKM/Util/Conversion/ItemConverter.cs,8ad201e80244f630ab5a46922ab72fb79c5ad4f4
2,231,4,366,yes,PKHeX.Core/PKM/Util/Conversion/ItemConverter.cs,8ad201e80244f630ab5a46922ab72fb79c5ad4f4
2,232,4,367,yes,PKHeX.Core/PKM/Util/Conversion/ItemConverter.cs,8ad201e80244f630ab5a46922ab72fb79c5ad4f4
2,233,4,368,yes,PKHeX.Core/PKM/Util/Conversion/ItemConverter.cs,8ad201e80244f630ab5a46922ab72fb79c5ad4f4
2,234,4,369,yes,PKHeX.Core/PKM/Util/Conversion/ItemConverter.cs,8ad201e80244f630ab5a46922ab72fb79c5ad4f4
2,235,4,370,yes,PKHeX.Core/PKM/Util/Conversion/ItemConverter.cs,8ad201e80244f630ab5a46922ab72fb79c5ad4f4
2,236,4,371,yes,PKHeX.Core/PKM/Util/Conversion/ItemConverter.cs,8ad201e80244f630ab5a46922ab72fb79c5ad4f4
2,237,4,372,yes,PKHeX.Core/PKM/Util/Conversion/ItemConverter.cs,8ad201e80244f630ab5a46922ab72fb79c5ad4f4
2,238,4,373,yes,PKHeX.Core/PKM/Util/Conversion/ItemConverter.cs,8ad201e80244f630ab5a46922ab72fb79c5ad4f4
2,239,4,374,yes,PKHeX.Core/PKM/Util/Conversion/ItemConverter.cs,8ad201e80244f630ab5a46922ab72fb79c5ad4f4
2,240,4,375,yes,PKHeX.Core/PKM/Util/Conversion/ItemConverter.cs,8ad201e80244f630ab5a46922ab72fb79c5ad4f4
2,241,4,376,yes,PKHeX.Core/PKM/Util/Conversion/ItemConverter.cs,8ad201e80244f630ab5a46922ab72fb79c5ad4f4
2,242,4,377,yes,PKHeX.Core/PKM/Util/Conversion/ItemConverter.cs,8ad201e80244f630ab5a46922ab72fb79c5ad4f4
2,243,4,420,yes,PKHeX.Core/PKM/Util/Conversion/ItemConverter.cs,8ad201e80244f630ab5a46922ab72fb79c5ad4f4
2,244,4,421,yes,PKHeX.Core/PKM/Util/Conversion/ItemConverter.cs,8ad201e80244f630ab5a46922ab72fb79c5ad4f4
2,245,4,422,yes,PKHeX.Core/PKM/Util/Conversion/ItemConverter.cs,8ad201e80244f630ab5a46922ab72fb79c5ad4f4
2,246,4,423,yes,PKHeX.Core/PKM/Util/Conversion/ItemConverter.cs,8ad201e80244f630ab5a46922ab72fb79c5ad4f4
2,247,4,424,yes,PKHeX.Core/PKM/Util/Conversion/ItemConverter.cs,8ad201e80244f630ab5a46922ab72fb79c5ad4f4
2,248,4,425,yes,PKHeX.Core/PKM/Util/Conversion/ItemConverter.cs,8ad201e80244f630ab5a46922ab72fb79c5ad4f4
2,249,4,426,yes,PKHeX.Core/PKM/Util/Conversion/ItemConverter.cs,8ad201e80244f630ab5a46922ab72fb79c5ad4f4
2,250,4,427,yes,PKHeX.Core/PKM/Util/Conversion/ItemConverter.cs,8ad201e80244f630ab5a46922ab72fb79c5ad4f4
2,251,4,128,no,PKHeX.Core/PKM/Util/Conversion/ItemConverter.cs,8ad201e80244f630ab5a46922ab72fb79c5ad4f4
2,252,4,128,no,PKHeX.Core/PKM/Util/Conversion/ItemConverter.cs,8ad201e80244f630ab5a46922ab72fb79c5ad4f4
2,253,4,128,no,PKHeX.Core/PKM/Util/Conversion/ItemConverter.cs,8ad201e80244f630ab5a46922ab72fb79c5ad4f4
2,254,4,128,no,PKHeX.Core/PKM/Util/Conversion/ItemConverter.cs,8ad201e80244f630ab5a46922ab72fb79c5ad4f4
2,255,4,128,no,PKHeX.Core/PKM/Util/Conversion/ItemConverter.cs,8ad201e80244f630ab5a46922ab72fb79c5ad4f4
3,0,4,0,no,PKHeX.Core/PKM/Util/Conversion/ItemConverter.cs,8ad201e80244f630ab5a46922ab72fb79c5ad4f4
3,1,4,1,yes,PKHeX.Core/PKM/Util/Conversion/ItemConverter.cs,8ad201e80244f630ab5a46922ab72fb79c5ad4f4
3,2,4,2,yes,PKHeX.Core/PKM/Util/Conversion/ItemConverter.cs,8ad201e80244f630ab5a46922ab72fb79c5ad4f4
3,3,4,3,yes,PKHeX.Core/PKM/Util/Conversion/ItemConverter.cs,8ad201e80244f630ab5a46922ab72fb79c5ad4f4
3,4,4,4,yes,PKHeX.Core/PKM/Util/Conversion/ItemConverter.cs,8ad201e80244f630ab5a46922ab72fb79c5ad4f4
3,5,4,5,yes,PKHeX.Core/PKM/Util/Conversion/ItemConverter.cs,8ad201e80244f630ab5a46922ab72fb79c5ad4f4
3,6,4,6,yes,PKHeX.Core/PKM/Util/Conversion/ItemConverter.cs,8ad201e80244f630ab5a46922ab72fb79c5ad4f4
3,7,4,7,yes,PKHeX.Core/PKM/Util/Conversion/ItemConverter.cs,8ad201e80244f630ab5a46922ab72fb79c5ad4f4
3,8,4,8,yes,PKHeX.Core/PKM/Util/Conversion/ItemConverter.cs,8ad201e80244f630ab5a46922ab72fb79c5ad4f4
3,9,4,9,yes,PKHeX.Core/PKM/Util/Conversion/ItemConverter.cs,8ad201e80244f630ab5a46922ab72fb79c5ad4f4
3,10,4,10,yes,PKHeX.Core/PKM/Util/Conversion/ItemConverter.cs,8ad201e80244f630ab5a46922ab72fb79c5ad4f4
3,11,4,11,yes,PKHeX.Core/PKM/Util/Conversion/ItemConverter.cs,8ad201e80244f630ab5a46922ab72fb79c5ad4f4
3,12,4,12,yes,PKHeX.Core/PKM/Util/Conversion/ItemConverter.cs,8ad201e80244f630ab5a46922ab72fb79c5ad4f4
3,13,4,17,yes,PKHeX.Core/PKM/Util/Conversion/ItemConverter.cs,8ad201e80244f630ab5a46922ab72fb79c5ad4f4
3,14,4,18,yes,PKHeX.Core/PKM/Util/Conversion/ItemConverter.cs,8ad201e80244f630ab5a46922ab72fb79c5ad4f4
3,15,4,19,yes,PKHeX.Core/PKM/Util/Conversion/ItemConverter.cs,8ad201e80244f630ab5a46922ab72fb79c5ad4f4
3,16,4,20,yes,PKHeX.Core/PKM/Util/Conversion/ItemConverter.cs,8ad201e80244f630ab5a46922ab72fb79c5ad4f4
3,17,4,21,yes,PKHeX.Core/PKM/Util/Conversion/ItemConverter.cs,8ad201e80244f630ab5a46922ab72fb79c5ad4f4
3,18,4,22,yes,PKHeX.Core/PKM/Util/Conversion/ItemConverter.cs,8ad201e80244f630ab5a46922ab72fb79c5ad4f4
3,19,4,23,yes,PKHeX.Core/PKM/Util/Conversion/ItemConverter.cs,8ad201e80244f630ab5a46922ab72fb79c5ad4f4
3,20,4,24,yes,PKHeX.Core/PKM/Util/Conversion/ItemConverter.cs,8ad201e80244f630ab5a46922ab72fb79c5ad4f4
3,21,4,25,yes,PKHeX.Core/PKM/Util/Conversion/ItemConverter.cs,8ad201e80244f630ab5a46922ab72fb79c5ad4f4
3,22,4,26,yes,PKHeX.Core/PKM/Util/Conversion/ItemConverter.cs,8ad201e80244f630ab5a46922ab72fb79c5ad4f4
3,23,4,27,yes,PKHeX.Core/PKM/Util/Conversion/ItemConverter.cs,8ad201e80244f630ab5a46922ab72fb79c5ad4f4
3,24,4,28,yes,PKHeX.Core/PKM/Util/Conversion/ItemConverter.cs,8ad201e80244f630ab5a46922ab72fb79c5ad4f4
3,25,4,29,yes,PKHeX.Core/PKM/Util/Conversion/ItemConverter.cs,8ad201e80244f630ab5a46922ab72fb79c5ad4f4
3,26,4,30,yes,PKHeX.Core/PKM/Util/Conversion/ItemConverter.cs,8ad201e80244f630ab5a46922ab72fb79c5ad4f4
3,27,4,31,yes,PKHeX.Core/PKM/Util/Conversion/ItemConverter.cs,8ad201e80244f630ab5a46922ab72fb79c5ad4f4
3,28,4,32,yes,PKHeX.Core/PKM/Util/Conversion/ItemConverter.cs,8ad201e80244f630ab5a46922ab72fb79c5ad4f4
3,29,4,33,yes,PKHeX.Core/PKM/Util/Conversion/ItemConverter.cs,8ad201e80244f630ab5a46922ab72fb79c5ad4f4
3,30,4,34,yes,PKHeX.Core/PKM/Util/Conversion/ItemConverter.cs,8ad201e80244f630ab5a46922ab72fb79c5ad4f4
3,31,4,35,yes,PKHeX.Core/PKM/Util/Conversion/ItemConverter.cs,8ad201e80244f630ab5a46922ab72fb79c5ad4f4
3,32,4,36,yes,PKHeX.Core/PKM/Util/Conversion/ItemConverter.cs,8ad201e80244f630ab5a46922ab72fb79c5ad4f4
3,33,4,37,yes,PKHeX.Core/PKM/Util/Conversion/ItemConverter.cs,8ad201e80244f630ab5a46922ab72fb79c5ad4f4
3,34,4,38,yes,PKHeX.Core/PKM/Util/Conversion/ItemConverter.cs,8ad201e80244f630ab5a46922ab72fb79c5ad4f4
3,35,4,39,yes,PKHeX.Core/PKM/Util/Conversion/ItemConverter.cs,8ad201e80244f630ab5a46922ab72fb79c5ad4f4
3,36,4,40,yes,PKHeX.Core/PKM/Util/Conversion/ItemConverter.cs,8ad201e80244f630ab5a46922ab72fb79c5ad4f4
3,37,4,41,yes,PKHeX.Core/PKM/Util/Conversion/ItemConverter.cs,8ad201e80244f630ab5a46922ab72fb79c5ad4f4
3,38,4,42,yes,PKHeX.Core/PKM/Util/Conversion/ItemConverter.cs,8ad201e80244f630ab5a46922ab72fb79c5ad4f4
3,39,4,65,yes,PKHeX.Core/PKM/Util/Conversion/ItemConverter.cs,8ad201e80244f630ab5a46922ab72fb79c5ad4f4
3,40,4,66,yes,PKHeX.Core/PKM/Util/Conversion/ItemConverter.cs,8ad201e80244f630ab5a46922ab72fb79c5ad4f4
3,41,4,67,yes,PKHeX.Core/PKM/Util/Conversion/ItemConverter.cs,8ad201e80244f630ab5a46922ab72fb79c5ad4f4
3,42,4,68,yes,PKHeX.Core/PKM/Util/Conversion/ItemConverter.cs,8ad201e80244f630ab5a46922ab72fb79c5ad4f4
3,43,4,69,yes,PKHeX.Core/PKM/Util/Conversion/ItemConverter.cs,8ad201e80244f630ab5a46922ab72fb79c5ad4f4
3,44,4,43,yes,PKHeX.Core/PKM/Util/Conversion/ItemConverter.cs,8ad201e80244f630ab5a46922ab72fb79c5ad4f4
3,45,4,44,yes,PKHeX.Core/PKM/Util/Conversion/ItemConverter.cs,8ad201e80244f630ab5a46922ab72fb79c5ad4f4
3,46,4,70,yes,PKHeX.Core/PKM/Util/Conversion/ItemConverter.cs,8ad201e80244f630ab5a46922ab72fb79c5ad4f4
3,47,4,71,yes,PKHeX.Core/PKM/Util/Conversion/ItemConverter.cs,8ad201e80244f630ab5a46922ab72fb79c5ad4f4
3,48,4,72,yes,PKHeX.Core/PKM/Util/Conversion/ItemConverter.cs,8ad201e80244f630ab5a46922ab72fb79c5ad4f4
3,49,4,73,yes,PKHeX.Core/PKM/Util/Conversion/ItemConverter.cs,8ad201e80244f630ab5a46922ab72fb79c5ad4f4
3,50,4,74,yes,PKHeX.Core/PKM/Util/Conversion/ItemConverter.cs,8ad201e80244f630ab5a46922ab72fb79c5ad4f4
3,51,4,75,yes,PKHeX.Core/PKM/Util/Conversion/ItemConverter.cs,8ad201e80244f630ab5a46922ab72fb79c5ad4f4
3,52,4,128,no,PKHeX.Core/PKM/Util/Conversion/ItemConverter.cs,8ad201e80244f630ab5a46922ab72fb79c5ad4f4
3,53,4,128,no,PKHeX.Core/PKM/Util/Conversion/ItemConverter.cs,8ad201e80244f630ab5a46922ab72fb79c5ad4f4
3,54,4,128,no,PKHeX.Core/PKM/Util/Conversion/ItemConverter.cs,8ad201e80244f630ab5a46922ab72fb79c5ad4f4
3,55,4,128,no,PKHeX.Core/PKM/Util/Conversion/ItemConverter.cs,8ad201e80244f630ab5a46922ab72fb79c5ad4f4
3,56,4,128,no,PKHeX.Core/PKM/Util/Conversion/ItemConverter.cs,8ad201e80244f630ab5a46922ab72fb79c5ad4f4
3,57,4,128,no,PKHeX.Core/PKM/Util/Conversion/ItemConverter.cs,8ad201e80244f630ab5a46922ab72fb79c5ad4f4
3,58,4,128,no,PKHeX.Core/PKM/Util/Conversion/ItemConverter.cs,8ad201e80244f630ab5a46922ab72fb79c5ad4f4
3,59,4,128,no,PKHeX.Core/PKM/Util/Conversion/ItemConverter.cs,8ad201e80244f630ab5a46922ab72fb79c5ad4f4
3,60,4,128,no,PKHeX.Core/PKM/Util/Conversion/ItemConverter.cs,8ad201e80244f630ab5a46922ab72fb79c5ad4f4
3,61,4,128,no,PKHeX.Core/PKM/Util/Conversion/ItemConverter.cs,8ad201e80244f630ab5a46922ab72fb79c5ad4f4
3,62,4,128,no,PKHeX.Core/PKM/Util/Conversion/ItemConverter.cs,8ad201e80244f630ab5a46922ab72fb79c5ad4f4
3,63,4,45,yes,PKHeX.Core/PKM/Util/Conversion/ItemConverter.cs,8ad201e80244f630ab5a46922ab72fb79c5ad4f4
3,64,4,46,yes,PKHeX.Core/PKM/Util/Conversion/ItemConverter.cs,8ad201e80244f630ab5a46922ab72fb79c5ad4f4
3,65,4,47,yes,PKHeX.Core/PKM/Util/Conversion/ItemConverter.cs,8ad201e80244f630ab5a46922ab72fb79c5ad4f4
3,66,4,48,yes,PKHeX.Core/PKM/Util/Conversion/ItemConverter.cs,8ad201e80244f630ab5a46922ab72fb79c5ad4f4
3,67,4,49,yes,PKHeX.Core/PKM/Util/Conversion/ItemConverter.cs,8ad201e80244f630ab5a46922ab72fb79c5ad4f4
3,68,4,50,yes,PKHeX.Core/PKM/Util/Conversion/ItemConverter.cs,8ad201e80244f630ab5a46922ab72fb79c5ad4f4
3,69,4,51,yes,PKHeX.Core/PKM/Util/Conversion/ItemConverter.cs,8ad201e80244f630ab5a46922ab72fb79c5ad4f4
3,70,4,52,yes,PKHeX.Core/PKM/Util/Conversion/ItemConverter.cs,8ad201e80244f630ab5a46922ab72fb79c5ad4f4
3,71,4,53,yes,PKHeX.Core/PKM/Util/Conversion/ItemConverter.cs,8ad201e80244f630ab5a46922ab72fb79c5ad4f4
3,72,4,128,no,PKHeX.Core/PKM/Util/Conversion/ItemConverter.cs,8ad201e80244f630ab5a46922ab72fb79c5ad4f4
3,73,4,55,yes,PKHeX.Core/PKM/Util/Conversion/ItemConverter.cs,8ad201e80244f630ab5a46922ab72fb79c5ad4f4
3,74,4,56,yes,PKHeX.Core/PKM/Util/Conversion/ItemConverter.cs,8ad201e80244f630ab5a46922ab72fb79c5ad4f4
3,75,4,57,yes,PKHeX.Core/PKM/Util/Conversion/ItemConverter.cs,8ad201e80244f630ab5a46922ab72fb79c5ad4f4
3,76,4,58,yes,PKHeX.Core/PKM/Util/Conversion/ItemConverter.cs,8ad201e80244f630ab5a46922ab72fb79c5ad4f4
3,77,4,59,yes,PKHeX.Core/PKM/Util/Conversion/ItemConverter.cs,8ad201e80244f630ab5a46922ab72fb79c5ad4f4
3,78,4,60,yes,PKHeX.Core/PKM/Util/Conversion/ItemConverter.cs,8ad201e80244f630ab5a46922ab72fb79c5ad4f4
3,79,4,61,yes,PKHeX.Core/PKM/Util/Conversion/ItemConverter.cs,8ad201e80244f630ab5a46922ab72fb79c5ad4f4
3,80,4,63,yes,PKHeX.Core/PKM/Util/Conversion/ItemConverter.cs,8ad201e80244f630ab5a46922ab72fb79c5ad4f4
3,81,4,64,yes,PKHeX.Core/PKM/Util/Conversion/ItemConverter.cs,8ad201e80244f630ab5a46922ab72fb79c5ad4f4
3,82,4,128,no,PKHeX.Core/PKM/Util/Conversion/ItemConverter.cs,8ad201e80244f630ab5a46922ab72fb79c5ad4f4
3,83,4,76,yes,PKHeX.Core/PKM/Util/Conversion/ItemConverter.cs,8ad201e80244f630ab5a46922ab72fb79c5ad4f4
3,84,4,77,yes,PKHeX.Core/PKM/Util/Conversion/ItemConverter.cs,8ad201e80244f630ab5a46922ab72fb79c5ad4f4
3,85,4,78,yes,PKHeX.Core/PKM/Util/Conversion/ItemConverter.cs,8ad201e80244f630ab5a46922ab72fb79c5ad4f4
3,86,4,79,yes,PKHeX.Core/PKM/Util/Conversion/ItemConverter.cs,8ad201e80244f630ab5a46922ab72fb79c5ad4f4
3,87,4,128,no,PKHeX.Core/PKM/Util/Conversion/ItemConverter.cs,8ad201e80244f630ab5a46922ab72fb79c5ad4f4
3,88,4,128,no,PKHeX.Core/PKM/Util/Conversion/ItemConverter.cs,8ad201e80244f630ab5a46922ab72fb79c5ad4f4
3,89,4,128,no,PKHeX.Core/PKM/Util/Conversion/ItemConverter.cs,8ad201e80244f630ab5a46922ab72fb79c5ad4f4
3,90,4,128,no,PKHeX.Core/PKM/Util/Conversion/ItemConverter.cs,8ad201e80244f630ab5a46922ab72fb79c5ad4f4
3,91,4,128,no,PKHeX.Core/PKM/Util/Conversion/ItemConverter.cs,8ad201e80244f630ab5a46922ab72fb79c5ad4f4
3,92,4,128,no,PKHeX.Core/PKM/Util/Conversion/ItemConverter.cs,8ad201e80244f630ab5a46922ab72fb79c5ad4f4
3,93,4,80,yes,PKHeX.Core/PKM/Util/Conversion/ItemConverter.cs,8ad201e80244f630ab5a46922ab72fb79c5ad4f4
3,94,4,81,yes,PKHeX.Core/PKM/Util/Conversion/ItemConverter.cs,8ad201e80244f630ab5a46922ab72fb79c5ad4f4
3,95,4,82,yes,PKHeX.Core/PKM/Util/Conversion/ItemConverter.cs,8ad201e80244f630ab5a46922ab72fb79c5ad4f4
3,96,4,83,yes,PKHeX.Core/PKM/Util/Conversion/ItemConverter.cs,8ad201e80244f630ab5a46922ab72fb79c5ad4f4
3,97,4,84,yes,PKHeX.Core/PKM/Util/Conversion/ItemConverter.cs,8ad201e80244f630ab5a46922ab72fb79c5ad4f4
3,98,4,85,yes,PKHeX.Core/PKM/Util/Conversion/ItemConverter.cs,8ad201e80244f630ab5a46922ab72fb79c5ad4f4
3,99,4,128,no,PKHeX.Core/PKM/Util/Conversion/ItemConverter.cs,8ad201e80244f630ab5a46922ab72fb79c5ad4f4
3,100,4,128,no,PKHeX.Core/PKM/Util/Conversion/ItemConverter.cs,8ad201e80244f630ab5a46922ab72fb79c5ad4f4
3,101,4,128,no,PKHeX.Core/PKM/Util/Conversion/ItemConverter.cs,8ad201e80244f630ab5a46922ab72fb79c5ad4f4
3,102,4,128,no,PKHeX.Core/PKM/Util/Conversion/ItemConverter.cs,8ad201e80244f630ab5a46922ab72fb79c5ad4f4
3,103,4,86,yes,PKHeX.Core/PKM/Util/Conversion/ItemConverter.cs,8ad201e80244f630ab5a46922ab72fb79c5ad4f4
3,104,4,87,yes,PKHeX.Core/PKM/Util/Conversion/ItemConverter.cs,8ad201e80244f630ab5a46922ab72fb79c5ad4f4
3,105,4,128,no,PKHeX.Core/PKM/Util/Conversion/ItemConverter.cs,8ad201e80244f630ab5a46922ab72fb79c5ad4f4
3,106,4,88,yes,PKHeX.Core/PKM/Util/Conversion/ItemConverter.cs,8ad201e80244f630ab5a46922ab72fb79c5ad4f4
3,107,4,89,yes,PKHeX.Core/PKM/Util/Conversion/ItemConverter.cs,8ad201e80244f630ab5a46922ab72fb79c5ad4f4
3,108,4,90,yes,PKHeX.Core/PKM/Util/Conversion/ItemConverter.cs,8ad201e80244f630ab5a46922ab72fb79c5ad4f4
3,109,4,91,yes,PKHeX.Core/PKM/Util/Conversion/ItemConverter.cs,8ad201e80244f630ab5a46922ab72fb79c5ad4f4
3,110,4,92,yes,PKHeX.Core/PKM/Util/Conversion/ItemConverter.cs,8ad201e80244f630ab5a46922ab72fb79c5ad4f4
3,111,4,93,yes,PKHeX.Core/PKM/Util/Conversion/ItemConverter.cs,8ad201e80244f630ab5a46922ab72fb79c5ad4f4
3,112,4,128,no,PKHeX.Core/PKM/Util/Conversion/ItemConverter.cs,8ad201e80244f630ab5a46922ab72fb79c5ad4f4
3,113,4,128,no,PKHeX.Core/PKM/Util/Conversion/ItemConverter.cs,8ad201e80244f630ab5a46922ab72fb79c5ad4f4
3,114,4,128,no,PKHeX.Core/PKM/Util/Conversion/ItemConverter.cs,8ad201e80244f630ab5a46922ab72fb79c5ad4f4
3,115,4,128,no,PKHeX.Core/PKM/Util/Conversion/ItemConverter.cs,8ad201e80244f630ab5a46922ab72fb79c5ad4f4
3,116,4,128,no,PKHeX.Core/PKM/Util/Conversion/ItemConverter.cs,8ad201e80244f630ab5a46922ab72fb79c5ad4f4
3,117,4,128,no,PKHeX.Core/PKM/Util/Conversion/ItemConverter.cs,8ad201e80244f630ab5a46922ab72fb79c5ad4f4
3,118,4,128,no,PKHeX.Core/PKM/Util/Conversion/ItemConverter.cs,8ad201e80244f630ab5a46922ab72fb79c5ad4f4
3,119,4,128,no,PKHeX.Core/PKM/Util/Conversion/ItemConverter.cs,8ad201e80244f630ab5a46922ab72fb79c5ad4f4
3,120,4,128,no,PKHeX.Core/PKM/Util/Conversion/ItemConverter.cs,8ad201e80244f630ab5a46922ab72fb79c5ad4f4
3,121,4,128,no,PKHeX.Core/PKM/Util/Conversion/ItemConverter.cs,8ad201e80244f630ab5a46922ab72fb79c5ad4f4
3,122,4,128,no,PKHeX.Core/PKM/Util/Conversion/ItemConverter.cs,8ad201e80244f630ab5a46922ab72fb79c5ad4f4
3,123,4,128,no,PKHeX.Core/PKM/Util/Conversion/ItemConverter.cs,8ad201e80244f630ab5a46922ab72fb79c5ad4f4
3,124,4,128,no,PKHeX.Core/PKM/Util/Conversion/ItemConverter.cs,8ad201e80244f630ab5a46922ab72fb79c5ad4f4
3,125,4,128,no,PKHeX.Core/PKM/Util/Conversion/ItemConverter.cs,8ad201e80244f630ab5a46922ab72fb79c5ad4f4
3,126,4,128,no,PKHeX.Core/PKM/Util/Conversion/ItemConverter.cs,8ad201e80244f630ab5a46922ab72fb79c5ad4f4
3,127,4,128,no,PKHeX.Core/PKM/Util/Conversion/ItemConverter.cs,8ad201e80244f630ab5a46922ab72fb79c5ad4f4
3,128,4,128,no,PKHeX.Core/PKM/Util/Conversion/ItemConverter.cs,8ad201e80244f630ab5a46922ab72fb79c5ad4f4
3,129,4,128,no,PKHeX.Core/PKM/Util/Conversion/ItemConverter.cs,8ad201e80244f630ab5a46922ab72fb79c5ad4f4
3,130,4,128,no,PKHeX.Core/PKM/Util/Conversion/ItemConverter.cs,8ad201e80244f630ab5a46922ab72fb79c5ad4f4
3,131,4,128,no,PKHeX.Core/PKM/Util/Conversion/ItemConverter.cs,8ad201e80244f630ab5a46922ab72fb79c5ad4f4
3,132,4,128,no,PKHeX.Core/PKM/Util/Conversion/ItemConverter.cs,8ad201e80244f630ab5a46922ab72fb79c5ad4f4
3,133,4,149,yes,PKHeX.Core/PKM/Util/Conversion/ItemConverter.cs,8ad201e80244f630ab5a46922ab72fb79c5ad4f4
3,134,4,150,yes,PKHeX.Core/PKM/Util/Conversion/ItemConverter.cs,8ad201e80244f630ab5a46922ab72fb79c5ad4f4
3,135,4,151,yes,PKHeX.Core/PKM/Util/Conversion/ItemConverter.cs,8ad201e80244f630ab5a46922ab72fb79c5ad4f4
3,136,4,152,yes,PKHeX.Core/PKM/Util/Conversion/ItemConverter.cs,8ad201e80244f630ab5a46922ab72fb79c5ad4f4
3,137,4,153,yes,PKHeX.Core/PKM/Util/Conversion/ItemConverter.cs,8ad201e80244f630ab5a46922ab72fb79c5ad4f4
3,138,4,154,yes,PKHeX.Core/PKM/Util/Conversion/ItemConverter.cs,8ad201e80244f630ab5a46922ab72fb79c5ad4f4
3,139,4,155,yes,PKHeX.Core/PKM/Util/Conversion/ItemConverter.cs,8ad201e80244f630ab5a46922ab72fb79c5ad4f4
3,140,4,156,yes,PKHeX.Core/PKM/Util/Conversion/ItemConverter.cs,8ad201e80244f630ab5a46922ab72fb79c5ad4f4
3,141,4,157,yes,PKHeX.Core/PKM/Util/Conversion/ItemConverter.cs,8ad201e80244f630ab5a46922ab72fb79c5ad4f4
3,142,4,158,yes,PKHeX.Core/PKM/Util/Conversion/ItemConverter.cs,8ad201e80244f630ab5a46922ab72fb79c5ad4f4
3,143,4,159,yes,PKHeX.Core/PKM/Util/Conversion/ItemConverter.cs,8ad201e80244f630ab5a46922ab72fb79c5ad4f4
3,144,4,160,yes,PKHeX.Core/PKM/Util/Conversion/ItemConverter.cs,8ad201e80244f630ab5a46922ab72fb79c5ad4f4
3,145,4,161,yes,PKHeX.Core/PKM/Util/Conversion/ItemConverter.cs,8ad201e80244f630ab5a46922ab72fb79c5ad4f4
3,146,4,162,yes,PKHeX.Core/PKM/Util/Conversion/ItemConverter.cs,8ad201e80244f630ab5a46922ab72fb79c5ad4f4
3,147,4,163,yes,PKHeX.Core/PKM/Util/Conversion/ItemConverter.cs,8ad201e80244f630ab5a46922ab72fb79c5ad4f4
3,148,4,164,yes,PKHeX.Core/PKM/Util/Conversion/ItemConverter.cs,8ad201e80244f630ab5a46922ab72fb79c5ad4f4
3,149,4,165,yes,PKHeX.Core/PKM/Util/Conversion/ItemConverter.cs,8ad201e80244f630ab5a46922ab72fb79c5ad4f4
3,150,4,166,yes,PKHeX.Core/PKM/Util/Conversion/ItemConverter.cs,8ad201e80244f630ab5a46922ab72fb79c5ad4f4
3,151,4,167,yes,PKHeX.Core/PKM/Util/Conversion/ItemConverter.cs,8ad201e80244f630ab5a46922ab72fb79c5ad4f4
3,152,4,168,yes,PKHeX.Core/PKM/Util/Conversion/ItemConverter.cs,8ad201e80244f630ab5a46922ab72fb79c5ad4f4
3,153,4,169,yes,PKHeX.Core/PKM/Util/Conversion/ItemConverter.cs,8ad201e80244f630ab5a46922ab72fb79c5ad4f4
3,154,4,170,yes,PKHeX.Core/PKM/Util/Conversion/ItemConverter.cs,8ad201e80244f630ab5a46922ab72fb79c5ad4f4
3,155,4,171,yes,PKHeX.Core/PKM/Util/Conversion/ItemConverter.cs,8ad201e80244f630ab5a46922ab72fb79c5ad4f4
3,156,4,172,yes,PKHeX.Core/PKM/Util/Conversion/ItemConverter.cs,8ad201e80244f630ab5a46922ab72fb79c5ad4f4
3,157,4,173,yes,PKHeX.Core/PKM/Util/Conversion/ItemConverter.cs,8ad201e80244f630ab5a46922ab72fb79c5ad4f4
3,158,4,174,yes,PKHeX.Core/PKM/Util/Conversion/ItemConverter.cs,8ad201e80244f630ab5a46922ab72fb79c5ad4f4
3,159,4,175,yes,PKHeX.Core/PKM/Util/Conversion/ItemConverter.cs,8ad201e80244f630ab5a46922ab72fb79c5ad4f4
3,160,4,176,yes,PKHeX.Core/PKM/Util/Conversion/ItemConverter.cs,8ad201e80244f630ab5a46922ab72fb79c5ad4f4
3,161,4,177,yes,PKHeX.Core/PKM/Util/Conversion/ItemConverter.cs,8ad201e80244f630ab5a46922ab72fb79c5ad4f4
3,162,4,178,yes,PKHeX.Core/PKM/Util/Conversion/ItemConverter.cs,8ad201e80244f630ab5a46922ab72fb79c5ad4f4
3,163,4,179,yes,PKHeX.Core/PKM/Util/Conversion/ItemConverter.cs,8ad201e80244f630ab5a46922ab72fb79c5ad4f4
3,164,4,180,yes,PKHeX.Core/PKM/Util/Conversion/ItemConverter.cs,8ad201e80244f630ab5a46922ab72fb79c5ad4f4
3,165,4,181,yes,PKHeX.Core/PKM/Util/Conversion/ItemConverter.cs,8ad201e80244f630ab5a46922ab72fb79c5ad4f4
3,166,4,182,yes,PKHeX.Core/PKM/Util/Conversion/ItemConverter.cs,8ad201e80244f630ab5a46922ab72fb79c5ad4f4
3,167,4,183,yes,PKHeX.Core/PKM/Util/Conversion/ItemConverter.cs,8ad201e80244f630ab5a46922ab72fb79c5ad4f4
3,168,4,201,yes,PKHeX.Core/PKM/Util/Conversion/ItemConverter.cs,8ad201e80244f630ab5a46922ab72fb79c5ad4f4
3,169,4,202,yes,PKHeX.Core/PKM/Util/Conversion/ItemConverter.cs,8ad201e80244f630ab5a46922ab72fb79c5ad4f4
3,170,4,203,yes,PKHeX.Core/PKM/Util/Conversion/ItemConverter.cs,8ad201e80244f630ab5a46922ab72fb79c5ad4f4
3,171,4,204,yes,PKHeX.Core/PKM/Util/Conversion/ItemConverter.cs,8ad201e80244f630ab5a46922ab72fb79c5ad4f4
3,172,4,205,yes,PKHeX.Core/PKM/Util/Conversion/ItemConverter.cs,8ad201e80244f630ab5a46922ab72fb79c5ad4f4
3,173,4,206,yes,PKHeX.Core/PKM/Util/Conversion/ItemConverter.cs,8ad201e80244f630ab5a46922ab72fb79c5ad4f4
3,174,4,207,yes,PKHeX.Core/PKM/Util/Conversion/ItemConverter.cs,8ad201e80244f630ab5a46922ab72fb79c5ad4f4
3,175,4,208,yes,PKHeX.Core/PKM/Util/Conversion/ItemConverter.cs,8ad201e80244f630ab5a46922ab72fb79c5ad4f4
3,176,4,128,no,PKHeX.Core/PKM/Util/Conversion/ItemConverter.cs,8ad201e80244f630ab5a46922ab72fb79c5ad4f4
3,177,4,128,no,PKHeX.Core/PKM/Util/Conversion/ItemConverter.cs,8ad201e80244f630ab5a46922ab72fb79c5ad4f4
3,178,4,128,no,PKHeX.Core/PKM/Util/Conversion/ItemConverter.cs,8ad201e80244f630ab5a46922ab72fb79c5ad4f4
3,179,4,213,yes,PKHeX.Core/PKM/Util/Conversion/ItemConverter.cs,8ad201e80244f630ab5a46922ab72fb79c5ad4f4
3,180,4,214,yes,PKHeX.Core/PKM/Util/Conversion/ItemConverter.cs,8ad201e80244f630ab5a46922ab72fb79c5ad4f4
3,181,4,215,yes,PKHeX.Core/PKM/Util/Conversion/ItemConverter.cs,8ad201e80244f630ab5a46922ab72fb79c5ad4f4
3,182,4,216,yes,PKHeX.Core/PKM/Util/Conversion/ItemConverter.cs,8ad201e80244f630ab5a46922ab72fb79c5ad4f4
3,183,4,217,yes,PKHeX.Core/PKM/Util/Conversion/ItemConverter.cs,8ad201e80244f630ab5a46922ab72fb79c5ad4f4
3,184,4,218,yes,PKHeX.Core/PKM/Util/Conversion/ItemConverter.cs,8ad201e80244f630ab5a46922ab72fb79c5ad4f4
3,185,4,219,yes,PKHeX.Core/PKM/Util/Conversion/ItemConverter.cs,8ad201e80244f630ab5a46922ab72fb79c5ad4f4
3,186,4,220,yes,PKHeX.Core/PKM/Util/Conversion/ItemConverter.cs,8ad201e80244f630ab5a46922ab72fb79c5ad4f4
3,187,4,221,yes,PKHeX.Core/PKM/Util/Conversion/ItemConverter.cs,8ad201e80244f630ab5a46922ab72fb79c5ad4f4
3,188,4,222,yes,PKHeX.Core/PKM/Util/Conversion/ItemConverter.cs,8ad201e80244f630ab5a46922ab72fb79c5ad4f4
3,189,4,223,yes,PKHeX.Core/PKM/Util/Conversion/ItemConverter.cs,8ad201e80244f630ab5a46922ab72fb79c5ad4f4
3,190,4,224,yes,PKHeX.Core/PKM/Util/Conversion/ItemConverter.cs,8ad201e80244f630ab5a46922ab72fb79c5ad4f4
3,191,4,225,yes,PKHeX.Core/PKM/Util/Conversion/ItemConverter.cs,8ad201e80244f630ab5a46922ab72fb79c5ad4f4
3,192,4,226,yes,PKHeX.Core/PKM/Util/Conversion/ItemConverter.cs,8ad201e80244f630ab5a46922ab72fb79c5ad4f4
3,193,4,227,yes,PKHeX.Core/PKM/Util/Conversion/ItemConverter.cs,8ad201e80244f630ab5a46922ab72fb79c5ad4f4
3,194,4,228,yes,PKHeX.Core/PKM/Util/Conversion/ItemConverter.cs,8ad201e80244f630ab5a46922ab72fb79c5ad4f4
3,195,4,229,yes,PKHeX.Core/PKM/Util/Conversion/ItemConverter.cs,8ad201e80244f630ab5a46922ab72fb79c5ad4f4
3,196,4,230,yes,PKHeX.Core/PKM/Util/Conversion/ItemConverter.cs,8ad201e80244f630ab5a46922ab72fb79c5ad4f4
3,197,4,231,yes,PKHeX.Core/PKM/Util/Conversion/ItemConverter.cs,8ad201e80244f630ab5a46922ab72fb79c5ad4f4
3,198,4,232,yes,PKHeX.Core/PKM/Util/Conversion/ItemConverter.cs,8ad201e80244f630ab5a46922ab72fb79c5ad4f4
3,199,4,233,yes,PKHeX.Core/PKM/Util/Conversion/ItemConverter.cs,8ad201e80244f630ab5a46922ab72fb79c5ad4f4
3,200,4,234,yes,PKHeX.Core/PKM/Util/Conversion/ItemConverter.cs,8ad201e80244f630ab5a46922ab72fb79c5ad4f4
3,201,4,235,yes,PKHeX.Core/PKM/Util/Conversion/ItemConverter.cs,8ad201e80244f630ab5a46922ab72fb79c5ad4f4
3,202,4,236,yes,PKHeX.Core/PKM/Util/Conversion/ItemConverter.cs,8ad201e80244f630ab5a46922ab72fb79c5ad4f4
3,203,4,237,yes,PKHeX.Core/PKM/Util/Conversion/ItemConverter.cs,8ad201e80244f630ab5a46922ab72fb79c5ad4f4
3,204,4,238,yes,PKHeX.Core/PKM/Util/Conversion/ItemConverter.cs,8ad201e80244f630ab5a46922ab72fb79c5ad4f4
3,205,4,239,yes,PKHeX.Core/PKM/Util/Conversion/ItemConverter.cs,8ad201e80244f630ab5a46922ab72fb79c5ad4f4
3,206,4,240,yes,PKHeX.Core/PKM/Util/Conversion/ItemConverter.cs,8ad201e80244f630ab5a46922ab72fb79c5ad4f4
3,207,4,241,yes,PKHeX.Core/PKM/Util/Conversion/ItemConverter.cs,8ad201e80244f630ab5a46922ab72fb79c5ad4f4
3,208,4,242,yes,PKHeX.Core/PKM/Util/Conversion/ItemConverter.cs,8ad201e80244f630ab5a46922ab72fb79c5ad4f4
3,209,4,243,yes,PKHeX.Core/PKM/Util/Conversion/ItemConverter.cs,8ad201e80244f630ab5a46922ab72fb79c5ad4f4
3,210,4,244,yes,PKHeX.Core/PKM/Util/Conversion/ItemConverter.cs,8ad201e80244f630ab5a46922ab72fb79c5ad4f4
3,211,4,245,yes,PKHeX.Core/PKM/Util/Conversion/ItemConverter.cs,8ad201e80244f630ab5a46922ab72fb79c5ad4f4
3,212,4,246,yes,PKHeX.Core/PKM/Util/Conversion/ItemConverter.cs,8ad201e80244f630ab5a46922ab72fb79c5ad4f4
3,213,4,247,yes,PKHeX.Core/PKM/Util/Conversion/ItemConverter.cs,8ad201e80244f630ab5a46922ab72fb79c5ad4f4
3,214,4,248,yes,PKHeX.Core/PKM/Util/Conversion/ItemConverter.cs,8ad201e80244f630ab5a46922ab72fb79c5ad4f4
3,215,4,249,yes,PKHeX.Core/PKM/Util/Conversion/ItemConverter.cs,8ad201e80244f630ab5a46922ab72fb79c5ad4f4
3,216,4,250,yes,PKHeX.Core/PKM/Util/Conversion/ItemConverter.cs,8ad201e80244f630ab5a46922ab72fb79c5ad4f4
3,217,4,251,yes,PKHeX.Core/PKM/Util/Conversion/ItemConverter.cs,8ad201e80244f630ab5a46922ab72fb79c5ad4f4
3,218,4,252,yes,PKHeX.Core/PKM/Util/Conversion/ItemConverter.cs,8ad201e80244f630ab5a46922ab72fb79c5ad4f4
3,219,4,253,yes,PKHeX.Core/PKM/Util/Conversion/ItemConverter.cs,8ad201e80244f630ab5a46922ab72fb79c5ad4f4
3,220,4,254,yes,PKHeX.Core/PKM/Util/Conversion/ItemConverter.cs,8ad201e80244f630ab5a46922ab72fb79c5ad4f4
3,221,4,255,yes,PKHeX.Core/PKM/Util/Conversion/ItemConverter.cs,8ad201e80244f630ab5a46922ab72fb79c5ad4f4
3,222,4,256,yes,PKHeX.Core/PKM/Util/Conversion/ItemConverter.cs,8ad201e80244f630ab5a46922ab72fb79c5ad4f4
3,223,4,257,yes,PKHeX.Core/PKM/Util/Conversion/ItemConverter.cs,8ad201e80244f630ab5a46922ab72fb79c5ad4f4
3,224,4,258,yes,PKHeX.Core/PKM/Util/Conversion/ItemConverter.cs,8ad201e80244f630ab5a46922ab72fb79c5ad4f4
3,225,4,259,yes,PKHeX.Core/PKM/Util/Conversion/ItemConverter.cs,8ad201e80244f630ab5a46922ab72fb79c5ad4f4
3,226,4,128,no,PKHeX.Core/PKM/Util/Conversion/ItemConverter.cs,8ad201e80244f630ab5a46922ab72fb79c5ad4f4
3,227,4,128,no,PKHeX.Core/PKM/Util/Conversion/ItemConverter.cs,8ad201e80244f630ab5a46922ab72fb79c5ad4f4
3,228,4,128,no,PKHeX.Core/PKM/Util/Conversion/ItemConverter.cs,8ad201e80244f630ab5a46922ab72fb79c5ad4f4
3,229,4,128,no,PKHeX.Core/PKM/Util/Conversion/ItemConverter.cs,8ad201e80244f630ab5a46922ab72fb79c5ad4f4
3,230,4,128,no,PKHeX.Core/PKM/Util/Conversion/ItemConverter.cs,8ad201e80244f630ab5a46922ab72fb79c5ad4f4
3,231,4,128,no,PKHeX.Core/PKM/Util/Conversion/ItemConverter.cs,8ad201e80244f630ab5a46922ab72fb79c5ad4f4
3,232,4,128,no,PKHeX.Core/PKM/Util/Conversion/ItemConverter.cs,8ad201e80244f630ab5a46922ab72fb79c5ad4f4
3,233,4,128,no,PKHeX.Core/PKM/Util/Conversion/ItemConverter.cs,8ad201e80244f630ab5a46922ab72fb79c5ad4f4
3,234,4,128,no,PKHeX.Core/PKM/Util/Conversion/ItemConverter.cs,8ad201e80244f630ab5a46922ab72fb79c5ad4f4
3,235,4,128,no,PKHeX.Core/PKM/Util/Conversion/ItemConverter.cs,8ad201e80244f630ab5a46922ab72fb79c5ad4f4
3,236,4,128,no,PKHeX.Core/PKM/Util/Conversion/ItemConverter.cs,8ad201e80244f630ab5a46922ab72fb79c5ad4f4
3,237,4,128,no,PKHeX.Core/PKM/Util/Conversion/ItemConverter.cs,8ad201e80244f630ab5a46922ab72fb79c5ad4f4
3,238,4,128,no,PKHeX.Core/PKM/Util/Conversion/ItemConverter.cs,8ad201e80244f630ab5a46922ab72fb79c5ad4f4
3,239,4,128,no,PKHeX.Core/PKM/Util/Conversion/ItemConverter.cs,8ad201e80244f630ab5a46922ab72fb79c5ad4f4
3,240,4,128,no,PKHeX.Core/PKM/Util/Conversion/ItemConverter.cs,8ad201e80244f630ab5a46922ab72fb79c5ad4f4
3,241,4,128,no,PKHeX.Core/PKM/Util/Conversion/ItemConverter.cs,8ad201e80244f630ab5a46922ab72fb79c5ad4f4
3,242,4,128,no,PKHeX.Core/PKM/Util/Conversion/ItemConverter.cs,8ad201e80244f630ab5a46922ab72fb79c5ad4f4
3,243,4,128,no,PKHeX.Core/PKM/Util/Conversion/ItemConverter.cs,8ad201e80244f630ab5a46922ab72fb79c5ad4f4
3,244,4,128,no,PKHeX.Core/PKM/Util/Conversion/ItemConverter.cs,8ad201e80244f630ab5a46922ab72fb79c5ad4f4
3,245,4,128,no,PKHeX.Core/PKM/Util/Conversion/ItemConverter.cs,8ad201e80244f630ab5a46922ab72fb79c5ad4f4
3,246,4,128,no,PKHeX.Core/PKM/Util/Conversion/ItemConverter.cs,8ad201e80244f630ab5a46922ab72fb79c5ad4f4
3,247,4,128,no,PKHeX.Core/PKM/Util/Conversion/ItemConverter.cs,8ad201e80244f630ab5a46922ab72fb79c5ad4f4
3,248,4,128,no,PKHeX.Core/PKM/Util/Conversion/ItemConverter.cs,8ad201e80244f630ab5a46922ab72fb79c5ad4f4
3,249,4,128,no,PKHeX.Core/PKM/Util/Conversion/ItemConverter.cs,8ad201e80244f630ab5a46922ab72fb79c5ad4f4
3,250,4,128,no,PKHeX.Core/PKM/Util/Conversion/ItemConverter.cs,8ad201e80244f630ab5a46922ab72fb79c5ad4f4
3,251,4,128,no,PKHeX.Core/PKM/Util/Conversion/ItemConverter.cs,8ad201e80244f630ab5a46922ab72fb79c5ad4f4
3,252,4,128,no,PKHeX.Core/PKM/Util/Conversion/ItemConverter.cs,8ad201e80244f630ab5a46922ab72fb79c5ad4f4
3,253,4,128,no,PKHeX.Core/PKM/Util/Conversion/ItemConverter.cs,8ad201e80244f630ab5a46922ab72fb79c5ad4f4
3,254,4,260,yes,PKHeX.Core/PKM/Util/Conversion/ItemConverter.cs,8ad201e80244f630ab5a46922ab72fb79c5ad4f4
3,255,4,261,yes,PKHeX.Core/PKM/Util/Conversion/ItemConverter.cs,8ad201e80244f630ab5a46922ab72fb79c5ad4f4
3,256,4,262,yes,PKHeX.Core/PKM/Util/Conversion/ItemConverter.cs,8ad201e80244f630ab5a46922ab72fb79c5ad4f4
3,257,4,263,yes,PKHeX.Core/PKM/Util/Conversion/ItemConverter.cs,8ad201e80244f630ab5a46922ab72fb79c5ad4f4
3,258,4,264,yes,PKHeX.Core/PKM/Util/Conversion/ItemConverter.cs,8ad201e80244f630ab5a46922ab72fb79c5ad4f4
3,259,4,128,no,PKHeX.Core/PKM/Util/Conversion/ItemConverter.cs,8ad201e80244f630ab5a46922ab72fb79c5ad4f4
3,260,4,128,no,PKHeX.Core/PKM/Util/Conversion/ItemConverter.cs,8ad201e80244f630ab5a46922ab72fb79c5ad4f4
3,261,4,128,no,PKHeX.Core/PKM/Util/Conversion/ItemConverter.cs,8ad201e80244f630ab5a46922ab72fb79c5ad4f4
3,262,4,128,no,PKHeX.Core/PKM/Util/Conversion/ItemConverter.cs,8ad201e80244f630ab5a46922ab72fb79c5ad4f4
3,263,4,128,no,PKHeX.Core/PKM/Util/Conversion/ItemConverter.cs,8ad201e80244f630ab5a46922ab72fb79c5ad4f4
3,264,4,128,no,PKHeX.Core/PKM/Util/Conversion/ItemConverter.cs,8ad201e80244f630ab5a46922ab72fb79c5ad4f4
3,265,4,128,no,PKHeX.Core/PKM/Util/Conversion/ItemConverter.cs,8ad201e80244f630ab5a46922ab72fb79c5ad4f4
3,266,4,128,no,PKHeX.Core/PKM/Util/Conversion/ItemConverter.cs,8ad201e80244f630ab5a46922ab72fb79c5ad4f4
3,267,4,128,no,PKHeX.Core/PKM/Util/Conversion/ItemConverter.cs,8ad201e80244f630ab5a46922ab72fb79c5ad4f4
3,268,4,128,no,PKHeX.Core/PKM/Util/Conversion/ItemConverter.cs,8ad201e80244f630ab5a46922ab72fb79c5ad4f4
3,269,4,128,no,PKHeX.Core/PKM/Util/Conversion/ItemConverter.cs,8ad201e80244f630ab5a46922ab72fb79c5ad4f4
3,270,4,128,no,PKHeX.Core/PKM/Util/Conversion/ItemConverter.cs,8ad201e80244f630ab5a46922ab72fb79c5ad4f4
3,271,4,128,no,PKHeX.Core/PKM/Util/Conversion/ItemConverter.cs,8ad201e80244f630ab5a46922ab72fb79c5ad4f4
3,272,4,128,no,PKHeX.Core/PKM/Util/Conversion/ItemConverter.cs,8ad201e80244f630ab5a46922ab72fb79c5ad4f4
3,273,4,128,no,PKHeX.Core/PKM/Util/Conversion/ItemConverter.cs,8ad201e80244f630ab5a46922ab72fb79c5ad4f4
3,274,4,128,no,PKHeX.Core/PKM/Util/Conversion/ItemConverter.cs,8ad201e80244f630ab5a46922ab72fb79c5ad4f4
3,275,4,128,no,PKHeX.Core/PKM/Util/Conversion/ItemConverter.cs,8ad201e80244f630ab5a46922ab72fb79c5ad4f4
3,276,4,128,no,PKHeX.Core/PKM/Util/Conversion/ItemConverter.cs,8ad201e80244f630ab5a46922ab72fb79c5ad4f4
3,277,4,128,no,PKHeX.Core/PKM/Util/Conversion/ItemConverter.cs,8ad201e80244f630ab5a46922ab72fb79c5ad4f4
3,278,4,128,no,PKHeX.Core/PKM/Util/Conversion/ItemConverter.cs,8ad201e80244f630ab5a46922ab72fb79c5ad4f4
3,279,4,128,no,PKHeX.Core/PKM/Util/Conversion/ItemConverter.cs,8ad201e80244f630ab5a46922ab72fb79c5ad4f4
3,280,4,128,no,PKHeX.Core/PKM/Util/Conversion/ItemConverter.cs,8ad201e80244f630ab5a46922ab72fb79c5ad4f4
3,281,4,128,no,PKHeX.Core/PKM/Util/Conversion/ItemConverter.cs,8ad201e80244f630ab5a46922ab72fb79c5ad4f4
3,282,4,128,no,PKHeX.Core/PKM/Util/Conversion/ItemConverter.cs,8ad201e80244f630ab5a46922ab72fb79c5ad4f4
3,283,4,128,no,PKHeX.Core/PKM/Util/Conversion/ItemConverter.cs,8ad201e80244f630ab5a46922ab72fb79c5ad4f4
3,284,4,128,no,PKHeX.Core/PKM/Util/Conversion/ItemConverter.cs,8ad201e80244f630ab5a46922ab72fb79c5ad4f4
3,285,4,128,no,PKHeX.Core/PKM/Util/Conversion/ItemConverter.cs,8ad201e80244f630ab5a46922ab72fb79c5ad4f4
3,286,4,128,no,PKHeX.Core/PKM/Util/Conversion/ItemConverter.cs,8ad201e80244f630ab5a46922ab72fb79c5ad4f4
3,287,4,128,no,PKHeX.Core/PKM/Util/Conversion/ItemConverter.cs,8ad201e80244f630ab5a46922ab72fb79c5ad4f4
3,288,4,128,no,PKHeX.Core/PKM/Util/Conversion/ItemConverter.cs,8ad201e80244f630ab5a46922ab72fb79c5ad4f4
3,289,4,328,yes,PKHeX.Core/PKM/Util/Conversion/ItemConverter.cs,8ad201e80244f630ab5a46922ab72fb79c5ad4f4
3,290,4,329,yes,PKHeX.Core/PKM/Util/Conversion/ItemConverter.cs,8ad201e80244f630ab5a46922ab72fb79c5ad4f4
3,291,4,330,yes,PKHeX.Core/PKM/Util/Conversion/ItemConverter.cs,8ad201e80244f630ab5a46922ab72fb79c5ad4f4
3,292,4,331,yes,PKHeX.Core/PKM/Util/Conversion/ItemConverter.cs,8ad201e80244f630ab5a46922ab72fb79c5ad4f4
3,293,4,332,yes,PKHeX.Core/PKM/Util/Conversion/ItemConverter.cs,8ad201e80244f630ab5a46922ab72fb79c5ad4f4
3,294,4,333,yes,PKHeX.Core/PKM/Util/Conversion/ItemConverter.cs,8ad201e80244f630ab5a46922ab72fb79c5ad4f4
3,295,4,334,yes,PKHeX.Core/PKM/Util/Conversion/ItemConverter.cs,8ad201e80244f630ab5a46922ab72fb79c5ad4f4
3,296,4,335,yes,PKHeX.Core/PKM/Util/Conversion/ItemConverter.cs,8ad201e80244f630ab5a46922ab72fb79c5ad4f4
3,297,4,336,yes,PKHeX.Core/PKM/Util/Conversion/ItemConverter.cs,8ad201e80244f630ab5a46922ab72fb79c5ad4f4
3,298,4,337,yes,PKHeX.Core/PKM/Util/Conversion/ItemConverter.cs,8ad201e80244f630ab5a46922ab72fb79c5ad4f4
3,299,4,338,yes,PKHeX.Core/PKM/Util/Conversion/ItemConverter.cs,8ad201e80244f630ab5a46922ab72fb79c5ad4f4
3,300,4,339,yes,PKHeX.Core/PKM/Util/Conversion/ItemConverter.cs,8ad201e80244f630ab5a46922ab72fb79c5ad4f4
3,301,4,340,yes,PKHeX.Core/PKM/Util/Conversion/ItemConverter.cs,8ad201e80244f630ab5a46922ab72fb79c5ad4f4
3,302,4,341,yes,PKHeX.Core/PKM/Util/Conversion/ItemConverter.cs,8ad201e80244f630ab5a46922ab72fb79c5ad4f4
3,303,4,342,yes,PKHeX.Core/PKM/Util/Conversion/ItemConverter.cs,8ad201e80244f630ab5a46922ab72fb79c5ad4f4
3,304,4,343,yes,PKHeX.Core/PKM/Util/Conversion/ItemConverter.cs,8ad201e80244f630ab5a46922ab72fb79c5ad4f4
3,305,4,344,yes,PKHeX.Core/PKM/Util/Conversion/ItemConverter.cs,8ad201e80244f630ab5a46922ab72fb79c5ad4f4
3,306,4,345,yes,PKHeX.Core/PKM/Util/Conversion/ItemConverter.cs,8ad201e80244f630ab5a46922ab72fb79c5ad4f4
3,307,4,346,yes,PKHeX.Core/PKM/Util/Conversion/ItemConverter.cs,8ad201e80244f630ab5a46922ab72fb79c5ad4f4
3,308,4,347,yes,PKHeX.Core/PKM/Util/Conversion/ItemConverter.cs,8ad201e80244f630ab5a46922ab72fb79c5ad4f4
3,309,4,348,yes,PKHeX.Core/PKM/Util/Conversion/ItemConverter.cs,8ad201e80244f630ab5a46922ab72fb79c5ad4f4
3,310,4,349,yes,PKHeX.Core/PKM/Util/Conversion/ItemConverter.cs,8ad201e80244f630ab5a46922ab72fb79c5ad4f4
3,311,4,350,yes,PKHeX.Core/PKM/Util/Conversion/ItemConverter.cs,8ad201e80244f630ab5a46922ab72fb79c5ad4f4
3,312,4,351,yes,PKHeX.Core/PKM/Util/Conversion/ItemConverter.cs,8ad201e80244f630ab5a46922ab72fb79c5ad4f4
3,313,4,352,yes,PKHeX.Core/PKM/Util/Conversion/ItemConverter.cs,8ad201e80244f630ab5a46922ab72fb79c5ad4f4
3,314,4,353,yes,PKHeX.Core/PKM/Util/Conversion/ItemConverter.cs,8ad201e80244f630ab5a46922ab72fb79c5ad4f4
3,315,4,354,yes,PKHeX.Core/PKM/Util/Conversion/ItemConverter.cs,8ad201e80244f630ab5a46922ab72fb79c5ad4f4
3,316,4,355,yes,PKHeX.Core/PKM/Util/Conversion/ItemConverter.cs,8ad201e80244f630ab5a46922ab72fb79c5ad4f4
3,317,4,356,yes,PKHeX.Core/PKM/Util/Conversion/ItemConverter.cs,8ad201e80244f630ab5a46922ab72fb79c5ad4f4
3,318,4,357,yes,PKHeX.Core/PKM/Util/Conversion/ItemConverter.cs,8ad201e80244f630ab5a46922ab72fb79c5ad4f4
3,319,4,358,yes,PKHeX.Core/PKM/Util/Conversion/ItemConverter.cs,8ad201e80244f630ab5a46922ab72fb79c5ad4f4
3,320,4,359,yes,PKHeX.Core/PKM/Util/Conversion/ItemConverter.cs,8ad201e80244f630ab5a46922ab72fb79c5ad4f4
3,321,4,360,yes,PKHeX.Core/PKM/Util/Conversion/ItemConverter.cs,8ad201e80244f630ab5a46922ab72fb79c5ad4f4
3,322,4,361,yes,PKHeX.Core/PKM/Util/Conversion/ItemConverter.cs,8ad201e80244f630ab5a46922ab72fb79c5ad4f4
3,323,4,362,yes,PKHeX.Core/PKM/Util/Conversion/ItemConverter.cs,8ad201e80244f630ab5a46922ab72fb79c5ad4f4
3,324,4,363,yes,PKHeX.Core/PKM/Util/Conversion/ItemConverter.cs,8ad201e80244f630ab5a46922ab72fb79c5ad4f4
3,325,4,364,yes,PKHeX.Core/PKM/Util/Conversion/ItemConverter.cs,8ad201e80244f630ab5a46922ab72fb79c5ad4f4
3,326,4,365,yes,PKHeX.Core/PKM/Util/Conversion/ItemConverter.cs,8ad201e80244f630ab5a46922ab72fb79c5ad4f4
3,327,4,366,yes,PKHeX.Core/PKM/Util/Conversion/ItemConverter.cs,8ad201e80244f630ab5a46922ab72fb79c5ad4f4
3,328,4,367,yes,PKHeX.Core/PKM/Util/Conversion/ItemConverter.cs,8ad201e80244f630ab5a46922ab72fb79c5ad4f4
3,329,4,368,yes,PKHeX.Core/PKM/Util/Conversion/ItemConverter.cs,8ad201e80244f630ab5a46922ab72fb79c5ad4f4
3,330,4,369,yes,PKHeX.Core/PKM/Util/Conversion/ItemConverter.cs,8ad201e80244f630ab5a46922ab72fb79c5ad4f4
3,331,4,370,yes,PKHeX.Core/PKM/Util/Conversion/ItemConverter.cs,8ad201e80244f630ab5a46922ab72fb79c5ad4f4
3,332,4,371,yes,PKHeX.Core/PKM/Util/Conversion/ItemConverter.cs,8ad201e80244f630ab5a46922ab72fb79c5ad4f4
3,333,4,372,yes,PKHeX.Core/PKM/Util/Conversion/ItemConverter.cs,8ad201e80244f630ab5a46922ab72fb79c5ad4f4
3,334,4,373,yes,PKHeX.Core/PKM/Util/Conversion/ItemConverter.cs,8ad201e80244f630ab5a46922ab72fb79c5ad4f4
3,335,4,374,yes,PKHeX.Core/PKM/Util/Conversion/ItemConverter.cs,8ad201e80244f630ab5a46922ab72fb79c5ad4f4
3,336,4,375,yes,PKHeX.Core/PKM/Util/Conversion/ItemConverter.cs,8ad201e80244f630ab5a46922ab72fb79c5ad4f4
3,337,4,376,yes,PKHeX.Core/PKM/Util/Conversion/ItemConverter.cs,8ad201e80244f630ab5a46922ab72fb79c5ad4f4
3,338,4,377,yes,PKHeX.Core/PKM/Util/Conversion/ItemConverter.cs,8ad201e80244f630ab5a46922ab72fb79c5ad4f4
